Desci4,HS-2digit,HS-4digit,HS-6digit
D01,1,101,10121
D01,1,101,10129
D01,1,101,10130
D01,1,101,10190
D01,1,102,10221
D01,1,102,10229
D01,1,102,10231
D01,1,102,10239
D01,1,102,10290
D01,1,103,10310
D01,1,103,10391
D01,1,103,10392
D01,1,104,10410
D01,1,104,10420
D01,1,105,10511
D01,1,105,10512
D01,1,105,10513
D01,1,105,10514
D01,1,105,10515
D01,1,105,10594
D01,1,105,10599
D01,1,106,10611
D01,1,106,10612
D01,1,106,10613
D01,1,106,10614
D01,1,106,10619
D01,1,106,10631
D01,1,106,10632
D01,1,106,10633
D01,1,106,10639
D01,1,106,10641
D01,1,106,10649
D01,1,106,10690
D01,3,307,30760
D01,4,401,40120
D01,4,401,40140
D01,4,401,40150
D01,4,407,40711
D01,4,407,40719
D01,4,407,40721
D01,4,407,40729
D01,4,407,40790
D01,4,409,40900
D01,4,410,41000
D01,5,511,51110
D01,5,511,51199
D01,6,601,60110
D01,6,601,60120
D01,6,602,60210
D01,6,602,60220
D01,6,602,60230
D01,6,602,60240
D01,6,602,60290
D01,6,603,60311
D01,6,603,60312
D01,6,603,60313
D01,6,603,60314
D01,6,603,60315
D01,6,603,60319
D01,6,603,60390
D01,7,701,70110
D01,7,701,70190
D01,7,702,70200
D01,7,703,70310
D01,7,703,70320
D01,7,703,70390
D01,7,704,70410
D01,7,704,70420
D01,7,704,70490
D01,7,705,70511
D01,7,705,70519
D01,7,705,70521
D01,7,705,70529
D01,7,706,70610
D01,7,706,70690
D01,7,707,70700
D01,7,708,70810
D01,7,708,70820
D01,7,708,70890
D01,7,709,70920
D01,7,709,70930
D01,7,709,70940
D01,7,709,70951
D01,7,709,70959
D01,7,709,70960
D01,7,709,70970
D01,7,709,70991
D01,7,709,70992
D01,7,709,70993
D01,7,709,70999
D01,7,713,71310
D01,7,713,71320
D01,7,713,71331
D01,7,713,71332
D01,7,713,71333
D01,7,713,71334
D01,7,713,71335
D01,7,713,71339
D01,7,713,71340
D01,7,713,71350
D01,7,713,71360
D01,7,713,71390
D01,7,714,71410
D01,7,714,71420
D01,7,714,71430
D01,7,714,71440
D01,7,714,71450
D01,7,714,71490
D01,8,801,80111
D01,8,801,80112
D01,8,801,80119
D01,8,801,80121
D01,8,801,80131
D01,8,802,80211
D01,8,802,80221
D01,8,802,80231
D01,8,802,80241
D01,8,802,80242
D01,8,802,80251
D01,8,802,80252
D01,8,802,80261
D01,8,802,80262
D01,8,802,80270
D01,8,802,80280
D01,8,802,80290
D01,8,803,80310
D01,8,803,80390
D01,8,804,80410
D01,8,804,80420
D01,8,804,80430
D01,8,804,80440
D01,8,804,80450
D01,8,805,80510
D01,8,805,80520
D01,8,805,80540
D01,8,805,80550
D01,8,805,80590
D01,8,806,80610
D01,8,807,80711
D01,8,807,80719
D01,8,807,80720
D01,8,808,80810
D01,8,808,80830
D01,8,808,80840
D01,8,809,80910
D01,8,809,80921
D01,8,809,80929
D01,8,809,80930
D01,8,809,80940
D01,8,810,81010
D01,8,810,81020
D01,8,810,81030
D01,8,810,81040
D01,8,810,81050
D01,8,810,81060
D01,8,810,81070
D01,8,810,81090
D01,9,901,90111
D01,9,902,90220
D01,9,902,90240
D01,9,903,90300
D01,9,904,90411
D01,9,904,90421
D01,9,904,90422
D01,9,905,90510
D01,9,905,90520
D01,9,906,90611
D01,9,906,90619
D01,9,907,90710
D01,9,907,90720
D01,9,908,90811
D01,9,908,90812
D01,9,908,90821
D01,9,908,90822
D01,9,908,90831
D01,9,908,90832
D01,9,909,90921
D01,9,909,90922
D01,9,909,90931
D01,9,909,90932
D01,9,909,90961
D01,9,909,90962
D01,9,910,91011
D01,9,910,91012
D01,9,910,91020
D01,9,910,91030
D01,9,910,91091
D01,9,910,91099
D01,10,1001,100111
D01,10,1001,100119
D01,10,1001,100191
D01,10,1001,100199
D01,10,1002,100210
D01,10,1002,100290
D01,10,1003,100310
D01,10,1003,100390
D01,10,1004,100410
D01,10,1004,100490
D01,10,1005,100510
D01,10,1005,100590
D01,10,1006,100610
D01,10,1007,100710
D01,10,1007,100790
D01,10,1008,100810
D01,10,1008,100821
D01,10,1008,100829
D01,10,1008,100830
D01,10,1008,100840
D01,10,1008,100850
D01,10,1008,100860
D01,10,1008,100890
D01,12,1201,120110
D01,12,1201,120190
D01,12,1202,120241
D01,12,1203,120300
D01,12,1204,120400
D01,12,1205,120510
D01,12,1205,120590
D01,12,1206,120600
D01,12,1207,120710
D01,12,1207,120721
D01,12,1207,120729
D01,12,1207,120730
D01,12,1207,120740
D01,12,1207,120750
D01,12,1207,120760
D01,12,1207,120770
D01,12,1207,120791
D01,12,1207,120799
D01,12,1209,120910
D01,12,1209,120921
D01,12,1209,120922
D01,12,1209,120923
D01,12,1209,120924
D01,12,1209,120925
D01,12,1209,120929
D01,12,1209,120930
D01,12,1209,120991
D01,12,1209,120999
D01,12,1210,121010
D01,12,1210,121020
D01,12,1211,121120
D01,12,1211,121130
D01,12,1211,121140
D01,12,1211,121190
D01,12,1212,121291
D01,12,1212,121292
D01,12,1212,121293
D01,12,1212,121294
D01,12,1212,121299
D01,12,1213,121300
D01,12,1214,121490
D01,13,1302,130211
D01,14,1401,140110
D01,14,1401,140120
D01,14,1401,140190
D01,14,1404,140490
D01,15,1521,152190
D01,18,1801,180100
D01,24,2401,240110
D01,31,3101,310100
D01,40,4001,400110
D01,40,4001,400121
D01,40,4001,400122
D01,40,4001,400129
D01,41,4103,410320
D01,43,4301,430110
D01,43,4301,430130
D01,43,4301,430160
D01,43,4301,430180
D01,43,4301,430190
D01,50,5001,500100
D01,51,5101,510111
D01,51,5101,510119
D01,51,5102,510211
D01,51,5102,510219
D01,51,5102,510220
D01,52,5201,520100
D01,53,5301,530110
D01,53,5302,530210
D01,53,5303,530310
D01,53,5305,530500
D02,6,604,60420
D02,6,604,60490
D02,13,1301,130120
D02,13,1301,130190
D02,40,4001,400130
D02,44,4401,440110
D02,44,4403,440320
D02,44,4403,440341
D02,44,4403,440349
D02,44,4403,440391
D02,44,4403,440392
D02,44,4403,440399
D02,45,4501,450110
D03,1,106,10620
D03,3,301,30111
D03,3,301,30119
D03,3,301,30191
D03,3,301,30192
D03,3,301,30193
D03,3,301,30194
D03,3,301,30195
D03,3,301,30199
D03,3,302,30211
D03,3,302,30213
D03,3,302,30214
D03,3,302,30219
D03,3,302,30221
D03,3,302,30222
D03,3,302,30223
D03,3,302,30224
D03,3,302,30229
D03,3,302,30231
D03,3,302,30232
D03,3,302,30233
D03,3,302,30234
D03,3,302,30235
D03,3,302,30236
D03,3,302,30239
D03,3,302,30241
D03,3,302,30242
D03,3,302,30243
D03,3,302,30244
D03,3,302,30245
D03,3,302,30246
D03,3,302,30247
D03,3,302,30251
D03,3,302,30252
D03,3,302,30253
D03,3,302,30254
D03,3,302,30255
D03,3,302,30256
D03,3,302,30259
D03,3,302,30271
D03,3,302,30272
D03,3,302,30273
D03,3,302,30274
D03,3,302,30279
D03,3,302,30281
D03,3,302,30282
D03,3,302,30283
D03,3,302,30284
D03,3,302,30285
D03,3,302,30289
D03,3,306,30621
D03,3,306,30622
D03,3,306,30624
D03,3,306,30625
D03,3,306,30626
D03,3,306,30627
D03,3,306,30629
D03,3,307,30711
D03,3,307,30719
D03,3,307,30721
D03,3,307,30731
D03,3,307,30741
D03,3,307,30751
D03,3,307,30771
D03,3,307,30781
D03,3,307,30791
D03,3,308,30811
D03,3,308,30821
D03,5,508,50800
D03,12,1212,121221
D03,12,1212,121229
D03,71,7101,710110
D03,71,7101,710121
D05,27,2701,270111
D05,27,2701,270112
D05,27,2701,270119
D05,27,2702,270210
D06,27,2709,270900
D06,27,2711,271111
D06,27,2711,271121
D06,27,2714,271410
D08,25,2501,250100
D08,25,2502,250200
D08,25,2503,250300
D08,25,2504,250410
D08,25,2504,250490
D08,25,2505,250510
D08,25,2505,250590
D08,25,2506,250610
D08,25,2506,250620
D08,25,2507,250700
D08,25,2508,250810
D08,25,2508,250830
D08,25,2508,250840
D08,25,2508,250850
D08,25,2508,250860
D08,25,2508,250870
D08,25,2509,250900
D08,25,2510,251010
D08,25,2510,251020
D08,25,2511,251110
D08,25,2511,251120
D08,25,2512,251200
D08,25,2513,251310
D08,25,2513,251320
D08,25,2514,251400
D08,25,2515,251511
D08,25,2515,251512
D08,25,2515,251520
D08,25,2516,251611
D08,25,2516,251612
D08,25,2516,251620
D08,25,2516,251690
D08,25,2517,251710
D08,25,2517,251720
D08,25,2517,251741
D08,25,2517,251749
D08,25,2518,251810
D08,25,2519,251910
D08,25,2519,251990
D08,25,2520,252010
D08,25,2521,252100
D08,25,2524,252410
D08,25,2524,252490
D08,25,2525,252510
D08,25,2525,252520
D08,25,2525,252530
D08,25,2526,252610
D08,25,2526,252620
D08,25,2528,252800
D08,25,2529,252910
D08,25,2529,252921
D08,25,2529,252922
D08,25,2529,252930
D08,25,2530,253010
D08,25,2530,253020
D08,25,2530,253090
D08,27,2703,270300
D08,27,2714,271490
D08,71,7102,710210
D08,71,7102,710221
D08,71,7102,710231
D08,71,7103,710310
D10,2,201,20110
D10,2,201,20120
D10,2,201,20130
D10,2,202,20210
D10,2,202,20220
D10,2,202,20230
D10,2,203,20311
D10,2,203,20312
D10,2,203,20319
D10,2,203,20321
D10,2,203,20322
D10,2,203,20329
D10,2,204,20410
D10,2,204,20421
D10,2,204,20422
D10,2,204,20423
D10,2,204,20430
D10,2,204,20441
D10,2,204,20442
D10,2,204,20443
D10,2,204,20450
D10,2,205,20500
D10,2,206,20610
D10,2,206,20621
D10,2,206,20622
D10,2,206,20629
D10,2,206,20630
D10,2,206,20641
D10,2,206,20649
D10,2,206,20680
D10,2,206,20690
D10,2,207,20711
D10,2,207,20712
D10,2,207,20713
D10,2,207,20714
D10,2,207,20724
D10,2,207,20725
D10,2,207,20726
D10,2,207,20727
D10,2,207,20741
D10,2,207,20742
D10,2,207,20743
D10,2,207,20744
D10,2,207,20745
D10,2,207,20751
D10,2,207,20752
D10,2,207,20753
D10,2,207,20754
D10,2,207,20755
D10,2,207,20760
D10,2,208,20810
D10,2,208,20830
D10,2,208,20840
D10,2,208,20850
D10,2,208,20860
D10,2,208,20890
D10,2,209,20910
D10,2,209,20990
D10,2,210,21011
D10,2,210,21012
D10,2,210,21019
D10,2,210,21020
D10,2,210,21091
D10,2,210,21092
D10,2,210,21093
D10,2,210,21099
D10,3,302,30290
D10,3,303,30311
D10,3,303,30312
D10,3,303,30313
D10,3,303,30314
D10,3,303,30319
D10,3,303,30323
D10,3,303,30324
D10,3,303,30325
D10,3,303,30326
D10,3,303,30329
D10,3,303,30331
D10,3,303,30332
D10,3,303,30333
D10,3,303,30334
D10,3,303,30339
D10,3,303,30341
D10,3,303,30342
D10,3,303,30343
D10,3,303,30344
D10,3,303,30345
D10,3,303,30346
D10,3,303,30349
D10,3,303,30351
D10,3,303,30353
D10,3,303,30354
D10,3,303,30355
D10,3,303,30356
D10,3,303,30357
D10,3,303,30363
D10,3,303,30364
D10,3,303,30365
D10,3,303,30366
D10,3,303,30367
D10,3,303,30368
D10,3,303,30369
D10,3,303,30381
D10,3,303,30382
D10,3,303,30383
D10,3,303,30384
D10,3,303,30389
D10,3,303,30390
D10,3,304,30431
D10,3,304,30432
D10,3,304,30433
D10,3,304,30439
D10,3,304,30441
D10,3,304,30442
D10,3,304,30443
D10,3,304,30444
D10,3,304,30445
D10,3,304,30446
D10,3,304,30449
D10,3,304,30451
D10,3,304,30452
D10,3,304,30453
D10,3,304,30454
D10,3,304,30455
D10,3,304,30459
D10,3,304,30461
D10,3,304,30462
D10,3,304,30463
D10,3,304,30469
D10,3,304,30471
D10,3,304,30472
D10,3,304,30473
D10,3,304,30474
D10,3,304,30475
D10,3,304,30479
D10,3,304,30481
D10,3,304,30482
D10,3,304,30483
D10,3,304,30484
D10,3,304,30485
D10,3,304,30486
D10,3,304,30487
D10,3,304,30489
D10,3,304,30491
D10,3,304,30492
D10,3,304,30493
D10,3,304,30494
D10,3,304,30495
D10,3,304,30499
D10,3,305,30510
D10,3,305,30520
D10,3,305,30531
D10,3,305,30532
D10,3,305,30539
D10,3,305,30541
D10,3,305,30542
D10,3,305,30543
D10,3,305,30544
D10,3,305,30549
D10,3,305,30551
D10,3,305,30559
D10,3,305,30561
D10,3,305,30562
D10,3,305,30563
D10,3,305,30564
D10,3,305,30569
D10,3,305,30571
D10,3,305,30572
D10,3,305,30579
D10,3,306,30611
D10,3,306,30612
D10,3,306,30614
D10,3,306,30615
D10,3,306,30616
D10,3,306,30617
D10,3,306,30619
D10,3,307,30729
D10,3,307,30739
D10,3,307,30749
D10,3,307,30759
D10,3,307,30779
D10,3,307,30789
D10,3,307,30799
D10,3,308,30819
D10,3,308,30829
D10,3,308,30830
D10,3,308,30890
D10,4,401,40110
D10,4,402,40210
D10,4,402,40221
D10,4,402,40229
D10,4,402,40291
D10,4,402,40299
D10,4,403,40310
D10,4,403,40390
D10,4,404,40410
D10,4,404,40490
D10,4,405,40510
D10,4,405,40520
D10,4,405,40590
D10,4,406,40610
D10,4,406,40620
D10,4,406,40630
D10,4,406,40640
D10,4,406,40690
D10,4,408,40811
D10,4,408,40819
D10,4,408,40891
D10,4,408,40899
D10,5,502,50210
D10,5,502,50290
D10,5,504,50400
D10,5,505,50510
D10,5,505,50590
D10,5,506,50610
D10,5,506,50690
D10,5,507,50710
D10,5,507,50790
D10,5,510,51000
D10,5,511,51191
D10,7,710,71010
D10,7,710,71021
D10,7,710,71022
D10,7,710,71029
D10,7,710,71030
D10,7,710,71040
D10,7,710,71080
D10,7,710,71090
D10,7,711,71120
D10,7,711,71140
D10,7,711,71151
D10,7,711,71159
D10,7,711,71190
D10,7,712,71220
D10,7,712,71231
D10,7,712,71232
D10,7,712,71233
D10,7,712,71239
D10,7,712,71290
D10,8,801,80122
D10,8,801,80132
D10,8,802,80212
D10,8,802,80222
D10,8,802,80232
D10,8,806,80620
D10,8,811,81110
D10,8,811,81120
D10,8,811,81190
D10,8,812,81210
D10,8,812,81290
D10,8,813,81310
D10,8,813,81320
D10,8,813,81330
D10,8,813,81340
D10,8,813,81350
D10,8,814,81400
D10,9,901,90112
D10,9,901,90121
D10,9,901,90122
D10,9,901,90190
D10,9,902,90210
D10,9,902,90230
D10,9,904,90412
D10,9,906,90620
D10,10,1006,100620
D10,10,1006,100630
D10,10,1006,100640
D10,11,1101,110100
D10,11,1102,110220
D10,11,1102,110290
D10,11,1103,110311
D10,11,1103,110313
D10,11,1103,110319
D10,11,1103,110320
D10,11,1104,110412
D10,11,1104,110419
D10,11,1104,110422
D10,11,1104,110423
D10,11,1104,110429
D10,11,1104,110430
D10,11,1105,110510
D10,11,1105,110520
D10,11,1106,110610
D10,11,1106,110620
D10,11,1106,110630
D10,11,1108,110811
D10,11,1108,110812
D10,11,1108,110813
D10,11,1108,110814
D10,11,1108,110819
D10,11,1108,110820
D10,11,1109,110900
D10,12,1202,120230
D10,12,1202,120242
D10,12,1208,120810
D10,12,1208,120890
D10,12,1214,121410
D10,13,1302,130212
D10,13,1302,130213
D10,13,1302,130219
D10,13,1302,130220
D10,13,1302,130231
D10,13,1302,130232
D10,13,1302,130239
D10,14,1404,140420
D10,15,1501,150110
D10,15,1501,150120
D10,15,1501,150190
D10,15,1502,150210
D10,15,1502,150290
D10,15,1503,150300
D10,15,1504,150410
D10,15,1504,150420
D10,15,1504,150430
D10,15,1505,150500
D10,15,1506,150600
D10,15,1507,150710
D10,15,1507,150790
D10,15,1508,150810
D10,15,1508,150890
D10,15,1509,150910
D10,15,1509,150990
D10,15,1510,151000
D10,15,1511,151110
D10,15,1511,151190
D10,15,1512,151211
D10,15,1512,151219
D10,15,1512,151221
D10,15,1512,151229
D10,15,1513,151311
D10,15,1513,151319
D10,15,1513,151321
D10,15,1513,151329
D10,15,1514,151411
D10,15,1514,151419
D10,15,1514,151491
D10,15,1514,151499
D10,15,1515,151511
D10,15,1515,151519
D10,15,1515,151521
D10,15,1515,151529
D10,15,1515,151530
D10,15,1515,151550
D10,15,1515,151590
D10,15,1516,151610
D10,15,1516,151620
D10,15,1517,151710
D10,15,1517,151790
D10,15,1521,152110
D10,15,1522,152200
D10,16,1601,160100
D10,16,1602,160210
D10,16,1602,160220
D10,16,1602,160231
D10,16,1602,160232
D10,16,1602,160239
D10,16,1602,160241
D10,16,1602,160242
D10,16,1602,160249
D10,16,1602,160250
D10,16,1602,160290
D10,16,1603,160300
D10,16,1604,160411
D10,16,1604,160412
D10,16,1604,160413
D10,16,1604,160414
D10,16,1604,160415
D10,16,1604,160416
D10,16,1604,160417
D10,16,1604,160419
D10,16,1604,160420
D10,16,1604,160431
D10,16,1604,160432
D10,16,1605,160510
D10,16,1605,160521
D10,16,1605,160529
D10,16,1605,160530
D10,16,1605,160540
D10,16,1605,160551
D10,16,1605,160552
D10,16,1605,160553
D10,16,1605,160554
D10,16,1605,160555
D10,16,1605,160556
D10,16,1605,160557
D10,16,1605,160558
D10,16,1605,160559
D10,16,1605,160561
D10,16,1605,160562
D10,16,1605,160563
D10,16,1605,160569
D10,17,1701,170112
D10,17,1701,170113
D10,17,1701,170114
D10,17,1701,170191
D10,17,1701,170199
D10,17,1702,170211
D10,17,1702,170219
D10,17,1702,170220
D10,17,1702,170230
D10,17,1702,170240
D10,17,1702,170250
D10,17,1702,170260
D10,17,1702,170290
D10,17,1703,170310
D10,17,1703,170390
D10,17,1704,170410
D10,17,1704,170490
D10,18,1802,180200
D10,18,1803,180310
D10,18,1803,180320
D10,18,1804,180400
D10,18,1805,180500
D10,18,1806,180610
D10,18,1806,180620
D10,18,1806,180631
D10,18,1806,180632
D10,18,1806,180690
D10,19,1901,190110
D10,19,1901,190120
D10,19,1901,190190
D10,19,1902,190211
D10,19,1902,190219
D10,19,1902,190220
D10,19,1902,190230
D10,19,1902,190240
D10,19,1903,190300
D10,19,1904,190410
D10,19,1904,190420
D10,19,1904,190430
D10,19,1904,190490
D10,19,1905,190510
D10,19,1905,190520
D10,19,1905,190531
D10,19,1905,190532
D10,19,1905,190540
D10,19,1905,190590
D10,20,2001,200110
D10,20,2001,200190
D10,20,2002,200210
D10,20,2002,200290
D10,20,2003,200310
D10,20,2003,200390
D10,20,2004,200410
D10,20,2004,200490
D10,20,2005,200510
D10,20,2005,200520
D10,20,2005,200540
D10,20,2005,200551
D10,20,2005,200559
D10,20,2005,200560
D10,20,2005,200570
D10,20,2005,200580
D10,20,2005,200591
D10,20,2005,200599
D10,20,2006,200600
D10,20,2007,200710
D10,20,2007,200791
D10,20,2007,200799
D10,20,2008,200811
D10,20,2008,200819
D10,20,2008,200820
D10,20,2008,200830
D10,20,2008,200840
D10,20,2008,200850
D10,20,2008,200860
D10,20,2008,200870
D10,20,2008,200880
D10,20,2008,200891
D10,20,2008,200893
D10,20,2008,200897
D10,20,2008,200899
D10,20,2009,200911
D10,20,2009,200912
D10,20,2009,200919
D10,20,2009,200921
D10,20,2009,200929
D10,20,2009,200931
D10,20,2009,200939
D10,20,2009,200941
D10,20,2009,200949
D10,20,2009,200950
D10,20,2009,200961
D10,20,2009,200969
D10,20,2009,200971
D10,20,2009,200979
D10,20,2009,200981
D10,20,2009,200989
D10,20,2009,200990
D10,21,2101,210111
D10,21,2101,210112
D10,21,2101,210120
D10,21,2101,210130
D10,21,2102,210210
D10,21,2102,210220
D10,21,2102,210230
D10,21,2103,210310
D10,21,2103,210320
D10,21,2103,210330
D10,21,2103,210390
D10,21,2104,210410
D10,21,2104,210420
D10,21,2105,210500
D10,21,2106,210610
D10,21,2106,210690
D10,22,2209,220900
D10,23,2301,230110
D10,23,2301,230120
D10,23,2302,230210
D10,23,2302,230230
D10,23,2302,230240
D10,23,2302,230250
D10,23,2303,230310
D10,23,2303,230320
D10,23,2304,230400
D10,23,2305,230500
D10,23,2306,230610
D10,23,2306,230620
D10,23,2306,230630
D10,23,2306,230641
D10,23,2306,230649
D10,23,2306,230650
D10,23,2306,230660
D10,23,2306,230690
D10,23,2309,230910
D10,23,2309,230990
D10,35,3501,350110
D10,35,3502,350211
D10,35,3502,350219
D10,35,3505,350510
D10,41,4101,410120
D10,41,4101,410150
D10,41,4101,410190
D10,41,4102,410210
D10,41,4102,410221
D10,41,4102,410229
D10,41,4103,410330
D10,41,4103,410390
D11,11,1107,110710
D11,11,1107,110720
D11,22,2201,220110
D11,22,2201,220190
D11,22,2202,220210
D11,22,2202,220290
D11,22,2203,220300
D11,22,2204,220410
D11,22,2204,220421
D11,22,2204,220429
D11,22,2204,220430
D11,22,2205,220510
D11,22,2205,220590
D11,22,2206,220600
D11,22,2208,220820
D11,22,2208,220830
D11,22,2208,220840
D11,22,2208,220850
D11,22,2208,220860
D11,22,2208,220870
D11,22,2208,220890
D11,23,2303,230330
D11,23,2307,230700
D11,23,2308,230800
D12,24,2401,240120
D12,24,2401,240130
D12,24,2402,240210
D12,24,2402,240220
D12,24,2402,240290
D12,24,2403,240311
D12,24,2403,240319
D12,24,2403,240391
D12,24,2403,240399
D13,50,5002,500200
D13,50,5003,500300
D13,50,5004,500400
D13,50,5005,500500
D13,50,5006,500600
D13,50,5007,500710
D13,50,5007,500720
D13,50,5007,500790
D13,51,5101,510121
D13,51,5101,510129
D13,51,5101,510130
D13,51,5103,510310
D13,51,5103,510320
D13,51,5103,510330
D13,51,5104,510400
D13,51,5105,510510
D13,51,5105,510521
D13,51,5105,510529
D13,51,5105,510531
D13,51,5105,510539
D13,51,5105,510540
D13,51,5106,510610
D13,51,5106,510620
D13,51,5107,510710
D13,51,5107,510720
D13,51,5108,510810
D13,51,5108,510820
D13,51,5109,510910
D13,51,5109,510990
D13,51,5110,511000
D13,51,5111,511111
D13,51,5111,511119
D13,51,5111,511120
D13,51,5111,511130
D13,51,5111,511190
D13,51,5112,511211
D13,51,5112,511219
D13,51,5112,511220
D13,51,5112,511230
D13,51,5112,511290
D13,51,5113,511300
D13,52,5202,520210
D13,52,5202,520291
D13,52,5202,520299
D13,52,5203,520300
D13,52,5204,520411
D13,52,5204,520419
D13,52,5204,520420
D13,52,5205,520511
D13,52,5205,520512
D13,52,5205,520513
D13,52,5205,520514
D13,52,5205,520515
D13,52,5205,520521
D13,52,5205,520522
D13,52,5205,520523
D13,52,5205,520524
D13,52,5205,520526
D13,52,5205,520527
D13,52,5205,520528
D13,52,5205,520531
D13,52,5205,520532
D13,52,5205,520533
D13,52,5205,520534
D13,52,5205,520535
D13,52,5205,520541
D13,52,5205,520542
D13,52,5205,520543
D13,52,5205,520544
D13,52,5205,520546
D13,52,5205,520547
D13,52,5205,520548
D13,52,5206,520611
D13,52,5206,520612
D13,52,5206,520613
D13,52,5206,520614
D13,52,5206,520615
D13,52,5206,520621
D13,52,5206,520622
D13,52,5206,520623
D13,52,5206,520624
D13,52,5206,520625
D13,52,5206,520631
D13,52,5206,520632
D13,52,5206,520633
D13,52,5206,520634
D13,52,5206,520635
D13,52,5206,520641
D13,52,5206,520642
D13,52,5206,520643
D13,52,5206,520644
D13,52,5206,520645
D13,52,5207,520710
D13,52,5207,520790
D13,52,5208,520811
D13,52,5208,520812
D13,52,5208,520813
D13,52,5208,520819
D13,52,5208,520821
D13,52,5208,520822
D13,52,5208,520823
D13,52,5208,520829
D13,52,5208,520831
D13,52,5208,520832
D13,52,5208,520833
D13,52,5208,520839
D13,52,5208,520841
D13,52,5208,520842
D13,52,5208,520843
D13,52,5208,520849
D13,52,5208,520851
D13,52,5208,520852
D13,52,5208,520859
D13,52,5209,520911
D13,52,5209,520912
D13,52,5209,520919
D13,52,5209,520921
D13,52,5209,520922
D13,52,5209,520929
D13,52,5209,520931
D13,52,5209,520932
D13,52,5209,520939
D13,52,5209,520941
D13,52,5209,520942
D13,52,5209,520943
D13,52,5209,520949
D13,52,5209,520951
D13,52,5209,520952
D13,52,5209,520959
D13,52,5210,521011
D13,52,5210,521019
D13,52,5210,521021
D13,52,5210,521029
D13,52,5210,521031
D13,52,5210,521032
D13,52,5210,521039
D13,52,5210,521041
D13,52,5210,521049
D13,52,5210,521051
D13,52,5210,521059
D13,52,5211,521111
D13,52,5211,521112
D13,52,5211,521119
D13,52,5211,521120
D13,52,5211,521131
D13,52,5211,521132
D13,52,5211,521139
D13,52,5211,521141
D13,52,5211,521142
D13,52,5211,521143
D13,52,5211,521149
D13,52,5211,521151
D13,52,5211,521152
D13,52,5211,521159
D13,52,5212,521211
D13,52,5212,521212
D13,52,5212,521213
D13,52,5212,521214
D13,52,5212,521215
D13,52,5212,521221
D13,52,5212,521222
D13,52,5212,521223
D13,52,5212,521224
D13,52,5212,521225
D13,53,5301,530121
D13,53,5301,530129
D13,53,5301,530130
D13,53,5302,530290
D13,53,5303,530390
D13,53,5306,530610
D13,53,5306,530620
D13,53,5307,530710
D13,53,5307,530720
D13,53,5308,530810
D13,53,5308,530820
D13,53,5308,530890
D13,53,5309,530911
D13,53,5309,530919
D13,53,5309,530921
D13,53,5309,530929
D13,53,5310,531010
D13,53,5310,531090
D13,53,5311,531100
D13,54,5401,540110
D13,54,5401,540120
D13,54,5402,540261
D13,54,5402,540262
D13,54,5402,540269
D13,54,5403,540341
D13,54,5403,540342
D13,54,5403,540349
D13,54,5406,540600
D13,54,5407,540710
D13,54,5407,540720
D13,54,5407,540730
D13,54,5407,540741
D13,54,5407,540742
D13,54,5407,540743
D13,54,5407,540744
D13,54,5407,540751
D13,54,5407,540752
D13,54,5407,540753
D13,54,5407,540754
D13,54,5407,540761
D13,54,5407,540769
D13,54,5407,540771
D13,54,5407,540772
D13,54,5407,540773
D13,54,5407,540774
D13,54,5407,540781
D13,54,5407,540782
D13,54,5407,540783
D13,54,5407,540784
D13,54,5407,540791
D13,54,5407,540792
D13,54,5407,540793
D13,54,5407,540794
D13,54,5408,540810
D13,54,5408,540821
D13,54,5408,540822
D13,54,5408,540823
D13,54,5408,540824
D13,54,5408,540831
D13,54,5408,540832
D13,54,5408,540833
D13,54,5408,540834
D13,55,5505,550510
D13,55,5505,550520
D13,55,5506,550610
D13,55,5506,550620
D13,55,5506,550630
D13,55,5506,550690
D13,55,5507,550700
D13,55,5508,550810
D13,55,5508,550820
D13,55,5509,550911
D13,55,5509,550912
D13,55,5509,550921
D13,55,5509,550922
D13,55,5509,550931
D13,55,5509,550932
D13,55,5509,550941
D13,55,5509,550942
D13,55,5509,550951
D13,55,5509,550952
D13,55,5509,550953
D13,55,5509,550959
D13,55,5509,550961
D13,55,5509,550962
D13,55,5509,550969
D13,55,5509,550991
D13,55,5509,550992
D13,55,5509,550999
D13,55,5510,551011
D13,55,5510,551012
D13,55,5510,551020
D13,55,5510,551030
D13,55,5510,551090
D13,55,5511,551110
D13,55,5511,551120
D13,55,5511,551130
D13,55,5512,551211
D13,55,5512,551219
D13,55,5512,551221
D13,55,5512,551229
D13,55,5512,551291
D13,55,5512,551299
D13,55,5513,551311
D13,55,5513,551312
D13,55,5513,551313
D13,55,5513,551319
D13,55,5513,551321
D13,55,5513,551323
D13,55,5513,551329
D13,55,5513,551331
D13,55,5513,551339
D13,55,5513,551341
D13,55,5513,551349
D13,55,5514,551411
D13,55,5514,551412
D13,55,5514,551419
D13,55,5514,551421
D13,55,5514,551422
D13,55,5514,551423
D13,55,5514,551429
D13,55,5514,551430
D13,55,5514,551441
D13,55,5514,551442
D13,55,5514,551443
D13,55,5514,551449
D13,55,5515,551511
D13,55,5515,551512
D13,55,5515,551513
D13,55,5515,551519
D13,55,5515,551521
D13,55,5515,551522
D13,55,5515,551529
D13,55,5515,551591
D13,55,5515,551599
D13,55,5516,551611
D13,55,5516,551612
D13,55,5516,551613
D13,55,5516,551614
D13,55,5516,551621
D13,55,5516,551622
D13,55,5516,551623
D13,55,5516,551624
D13,55,5516,551631
D13,55,5516,551632
D13,55,5516,551633
D13,55,5516,551634
D13,55,5516,551641
D13,55,5516,551642
D13,55,5516,551643
D13,55,5516,551644
D13,55,5516,551691
D13,55,5516,551692
D13,55,5516,551693
D13,55,5516,551694
D13,56,5601,560121
D13,56,5601,560122
D13,56,5601,560129
D13,56,5601,560130
D13,56,5602,560210
D13,56,5602,560221
D13,56,5602,560229
D13,56,5602,560290
D13,56,5603,560311
D13,56,5603,560312
D13,56,5603,560313
D13,56,5603,560314
D13,56,5603,560391
D13,56,5603,560392
D13,56,5603,560393
D13,56,5603,560394
D13,56,5604,560410
D13,56,5604,560490
D13,56,5605,560500
D13,56,5606,560600
D13,56,5607,560721
D13,56,5607,560729
D13,56,5607,560741
D13,56,5607,560749
D13,56,5607,560750
D13,56,5607,560790
D13,56,5608,560811
D13,56,5608,560819
D13,56,5608,560890
D13,56,5609,560900
D13,57,5701,570110
D13,57,5701,570190
D13,57,5702,570210
D13,57,5702,570220
D13,57,5702,570231
D13,57,5702,570232
D13,57,5702,570239
D13,57,5702,570241
D13,57,5702,570242
D13,57,5702,570249
D13,57,5702,570250
D13,57,5702,570291
D13,57,5702,570292
D13,57,5702,570299
D13,57,5703,570310
D13,57,5703,570320
D13,57,5703,570330
D13,57,5703,570390
D13,57,5704,570410
D13,57,5704,570490
D13,57,5705,570500
D13,58,5801,580110
D13,58,5801,580121
D13,58,5801,580122
D13,58,5801,580123
D13,58,5801,580126
D13,58,5801,580127
D13,58,5801,580131
D13,58,5801,580132
D13,58,5801,580133
D13,58,5801,580136
D13,58,5801,580137
D13,58,5801,580190
D13,58,5802,580211
D13,58,5802,580219
D13,58,5802,580220
D13,58,5802,580230
D13,58,5803,580300
D13,58,5804,580410
D13,58,5804,580421
D13,58,5804,580429
D13,58,5804,580430
D13,58,5805,580500
D13,58,5806,580610
D13,58,5806,580620
D13,58,5806,580631
D13,58,5806,580632
D13,58,5806,580639
D13,58,5806,580640
D13,58,5807,580710
D13,58,5807,580790
D13,58,5808,580810
D13,58,5808,580890
D13,58,5809,580900
D13,58,5810,581010
D13,58,5810,581091
D13,58,5810,581092
D13,58,5810,581099
D13,58,5811,581100
D13,59,5901,590110
D13,59,5901,590190
D13,59,5902,590210
D13,59,5902,590220
D13,59,5902,590290
D13,59,5903,590310
D13,59,5903,590320
D13,59,5903,590390
D13,59,5907,590700
D13,59,5908,590800
D13,59,5909,590900
D13,59,5910,591000
D13,59,5911,591110
D13,59,5911,591120
D13,59,5911,591131
D13,59,5911,591132
D13,59,5911,591140
D13,59,5911,591190
D13,60,6001,600110
D13,60,6001,600121
D13,60,6001,600122
D13,60,6001,600129
D13,60,6001,600191
D13,60,6001,600192
D13,60,6001,600199
D13,60,6002,600240
D13,60,6002,600290
D13,60,6003,600310
D13,60,6003,600320
D13,60,6003,600330
D13,60,6003,600340
D13,60,6003,600390
D13,60,6004,600410
D13,60,6004,600490
D13,60,6005,600521
D13,60,6005,600522
D13,60,6005,600523
D13,60,6005,600524
D13,60,6005,600531
D13,60,6005,600532
D13,60,6005,600533
D13,60,6005,600534
D13,60,6005,600541
D13,60,6005,600542
D13,60,6005,600543
D13,60,6005,600544
D13,60,6005,600590
D13,60,6006,600610
D13,60,6006,600621
D13,60,6006,600622
D13,60,6006,600623
D13,60,6006,600624
D13,60,6006,600631
D13,60,6006,600632
D13,60,6006,600633
D13,60,6006,600634
D13,60,6006,600641
D13,60,6006,600642
D13,60,6006,600643
D13,60,6006,600644
D13,60,6006,600690
D13,63,6301,630120
D13,63,6301,630130
D13,63,6301,630140
D13,63,6301,630190
D13,63,6302,630210
D13,63,6302,630221
D13,63,6302,630222
D13,63,6302,630229
D13,63,6302,630231
D13,63,6302,630232
D13,63,6302,630239
D13,63,6302,630240
D13,63,6302,630251
D13,63,6302,630253
D13,63,6302,630259
D13,63,6302,630260
D13,63,6302,630291
D13,63,6302,630293
D13,63,6302,630299
D13,63,6303,630312
D13,63,6303,630319
D13,63,6303,630391
D13,63,6303,630392
D13,63,6303,630399
D13,63,6304,630411
D13,63,6304,630419
D13,63,6304,630491
D13,63,6304,630492
D13,63,6304,630493
D13,63,6304,630499
D13,63,6305,630510
D13,63,6305,630520
D13,63,6305,630532
D13,63,6305,630533
D13,63,6305,630539
D13,63,6305,630590
D13,63,6306,630612
D13,63,6306,630619
D13,63,6306,630622
D13,63,6306,630629
D13,63,6306,630630
D13,63,6306,630640
D13,63,6306,630690
D13,63,6307,630710
D13,63,6307,630720
D13,63,6307,630790
D13,63,6308,630800
D13,70,7019,701940
D13,70,7019,701951
D13,70,7019,701952
D13,70,7019,701959
D13,88,8804,880400
D13,94,9404,940430
D13,94,9404,940490
D14,42,4203,420310
D14,42,4203,420329
D14,42,4203,420330
D14,42,4203,420340
D14,43,4303,430310
D14,43,4303,430390
D14,43,4304,430400
D14,61,6101,610120
D14,61,6101,610130
D14,61,6101,610190
D14,61,6102,610210
D14,61,6102,610220
D14,61,6102,610230
D14,61,6102,610290
D14,61,6103,610310
D14,61,6103,610322
D14,61,6103,610323
D14,61,6103,610329
D14,61,6103,610331
D14,61,6103,610332
D14,61,6103,610333
D14,61,6103,610339
D14,61,6103,610341
D14,61,6103,610342
D14,61,6103,610343
D14,61,6103,610349
D14,61,6104,610413
D14,61,6104,610419
D14,61,6104,610422
D14,61,6104,610423
D14,61,6104,610429
D14,61,6104,610431
D14,61,6104,610432
D14,61,6104,610433
D14,61,6104,610439
D14,61,6104,610441
D14,61,6104,610442
D14,61,6104,610443
D14,61,6104,610444
D14,61,6104,610449
D14,61,6104,610451
D14,61,6104,610452
D14,61,6104,610453
D14,61,6104,610459
D14,61,6104,610461
D14,61,6104,610462
D14,61,6104,610463
D14,61,6104,610469
D14,61,6105,610510
D14,61,6105,610520
D14,61,6105,610590
D14,61,6106,610610
D14,61,6106,610620
D14,61,6106,610690
D14,61,6107,610711
D14,61,6107,610712
D14,61,6107,610719
D14,61,6107,610721
D14,61,6107,610722
D14,61,6107,610729
D14,61,6107,610791
D14,61,6107,610799
D14,61,6108,610811
D14,61,6108,610819
D14,61,6108,610821
D14,61,6108,610822
D14,61,6108,610829
D14,61,6108,610831
D14,61,6108,610832
D14,61,6108,610839
D14,61,6108,610891
D14,61,6108,610892
D14,61,6108,610899
D14,61,6109,610910
D14,61,6109,610990
D14,61,6110,611011
D14,61,6110,611012
D14,61,6110,611019
D14,61,6110,611020
D14,61,6110,611030
D14,61,6110,611090
D14,61,6111,611120
D14,61,6111,611130
D14,61,6111,611190
D14,61,6112,611211
D14,61,6112,611212
D14,61,6112,611219
D14,61,6112,611220
D14,61,6112,611231
D14,61,6112,611239
D14,61,6112,611241
D14,61,6112,611249
D14,61,6113,611300
D14,61,6114,611420
D14,61,6114,611430
D14,61,6114,611490
D14,61,6115,611510
D14,61,6115,611521
D14,61,6115,611522
D14,61,6115,611529
D14,61,6115,611530
D14,61,6115,611594
D14,61,6115,611595
D14,61,6115,611596
D14,61,6115,611599
D14,61,6116,611610
D14,61,6116,611691
D14,61,6116,611692
D14,61,6116,611693
D14,61,6116,611699
D14,61,6117,611710
D14,61,6117,611780
D14,61,6117,611790
D14,62,6201,620111
D14,62,6201,620112
D14,62,6201,620113
D14,62,6201,620119
D14,62,6201,620191
D14,62,6201,620192
D14,62,6201,620193
D14,62,6201,620199
D14,62,6202,620211
D14,62,6202,620212
D14,62,6202,620213
D14,62,6202,620219
D14,62,6202,620291
D14,62,6202,620292
D14,62,6202,620293
D14,62,6202,620299
D14,62,6203,620311
D14,62,6203,620312
D14,62,6203,620319
D14,62,6203,620322
D14,62,6203,620323
D14,62,6203,620329
D14,62,6203,620331
D14,62,6203,620332
D14,62,6203,620333
D14,62,6203,620339
D14,62,6203,620341
D14,62,6203,620342
D14,62,6203,620343
D14,62,6203,620349
D14,62,6204,620411
D14,62,6204,620412
D14,62,6204,620413
D14,62,6204,620419
D14,62,6204,620421
D14,62,6204,620422
D14,62,6204,620423
D14,62,6204,620429
D14,62,6204,620431
D14,62,6204,620432
D14,62,6204,620433
D14,62,6204,620439
D14,62,6204,620441
D14,62,6204,620442
D14,62,6204,620443
D14,62,6204,620444
D14,62,6204,620449
D14,62,6204,620451
D14,62,6204,620452
D14,62,6204,620453
D14,62,6204,620459
D14,62,6204,620461
D14,62,6204,620462
D14,62,6204,620463
D14,62,6204,620469
D14,62,6205,620520
D14,62,6205,620530
D14,62,6205,620590
D14,62,6206,620610
D14,62,6206,620620
D14,62,6206,620630
D14,62,6206,620640
D14,62,6206,620690
D14,62,6207,620711
D14,62,6207,620719
D14,62,6207,620721
D14,62,6207,620722
D14,62,6207,620729
D14,62,6207,620791
D14,62,6207,620799
D14,62,6208,620811
D14,62,6208,620819
D14,62,6208,620821
D14,62,6208,620822
D14,62,6208,620829
D14,62,6208,620891
D14,62,6208,620892
D14,62,6208,620899
D14,62,6209,620920
D14,62,6209,620930
D14,62,6209,620990
D14,62,6210,621010
D14,62,6210,621020
D14,62,6210,621030
D14,62,6210,621040
D14,62,6210,621050
D14,62,6211,621111
D14,62,6211,621112
D14,62,6211,621120
D14,62,6211,621132
D14,62,6211,621133
D14,62,6211,621139
D14,62,6211,621142
D14,62,6211,621143
D14,62,6211,621149
D14,62,6212,621210
D14,62,6212,621220
D14,62,6212,621230
D14,62,6212,621290
D14,62,6213,621320
D14,62,6213,621390
D14,62,6214,621410
D14,62,6214,621420
D14,62,6214,621430
D14,62,6214,621440
D14,62,6214,621490
D14,62,6215,621510
D14,62,6215,621520
D14,62,6215,621590
D14,62,6216,621600
D14,62,6217,621710
D14,62,6217,621790
D14,65,6501,650100
D14,65,6502,650200
D14,65,6504,650400
D14,65,6505,650500
D14,65,6506,650699
D14,65,6507,650700
D15,41,4104,410411
D15,41,4104,410419
D15,41,4104,410441
D15,41,4104,410449
D15,41,4105,410510
D15,41,4105,410530
D15,41,4106,410621
D15,41,4106,410622
D15,41,4106,410631
D15,41,4106,410632
D15,41,4106,410640
D15,41,4106,410691
D15,41,4106,410692
D15,41,4107,410711
D15,41,4107,410712
D15,41,4107,410719
D15,41,4107,410791
D15,41,4107,410792
D15,41,4107,410799
D15,41,4112,411200
D15,41,4113,411310
D15,41,4113,411320
D15,41,4113,411330
D15,41,4113,411390
D15,41,4114,411410
D15,41,4114,411420
D15,41,4115,411510
D15,42,4201,420100
D15,42,4202,420211
D15,42,4202,420212
D15,42,4202,420219
D15,42,4202,420221
D15,42,4202,420222
D15,42,4202,420229
D15,42,4202,420231
D15,42,4202,420232
D15,42,4202,420239
D15,42,4202,420291
D15,42,4202,420292
D15,42,4202,420299
D15,42,4205,420500
D15,43,4302,430211
D15,43,4302,430219
D15,43,4302,430220
D15,43,4302,430230
D15,64,6401,640110
D15,64,6401,640192
D15,64,6401,640199
D15,64,6402,640219
D15,64,6402,640220
D15,64,6402,640291
D15,64,6402,640299
D15,64,6403,640319
D15,64,6403,640320
D15,64,6403,640340
D15,64,6403,640351
D15,64,6403,640359
D15,64,6403,640391
D15,64,6403,640399
D15,64,6404,640411
D15,64,6404,640419
D15,64,6404,640420
D15,64,6405,640510
D15,64,6405,640520
D15,64,6405,640590
D15,64,6406,640610
D15,64,6406,640620
D15,64,6406,640690
D15,91,9113,911390
D15,96,9605,960500
D16,44,4401,440121
D16,44,4401,440122
D16,44,4401,440131
D16,44,4401,440139
D16,44,4403,440310
D16,44,4404,440410
D16,44,4404,440420
D16,44,4405,440500
D16,44,4406,440610
D16,44,4406,440690
D16,44,4407,440710
D16,44,4407,440721
D16,44,4407,440722
D16,44,4407,440725
D16,44,4407,440726
D16,44,4407,440727
D16,44,4407,440728
D16,44,4407,440729
D16,44,4407,440791
D16,44,4407,440792
D16,44,4407,440793
D16,44,4407,440794
D16,44,4407,440795
D16,44,4407,440799
D16,44,4408,440810
D16,44,4408,440831
D16,44,4408,440839
D16,44,4408,440890
D16,44,4409,440910
D16,44,4409,440921
D16,44,4409,440929
D16,44,4410,441011
D16,44,4410,441012
D16,44,4410,441019
D16,44,4410,441090
D16,44,4411,441112
D16,44,4411,441113
D16,44,4411,441114
D16,44,4411,441192
D16,44,4411,441193
D16,44,4411,441194
D16,44,4412,441210
D16,44,4412,441231
D16,44,4412,441232
D16,44,4412,441239
D16,44,4412,441294
D16,44,4412,441299
D16,44,4413,441300
D16,44,4414,441400
D16,44,4415,441510
D16,44,4415,441520
D16,44,4416,441600
D16,44,4417,441700
D16,44,4418,441810
D16,44,4418,441820
D16,44,4418,441840
D16,44,4418,441850
D16,44,4418,441860
D16,44,4418,441871
D16,44,4418,441872
D16,44,4418,441879
D16,44,4418,441890
D16,44,4419,441900
D16,44,4420,442010
D16,44,4420,442090
D16,44,4421,442110
D16,44,4421,442190
D16,45,4501,450190
D16,45,4502,450200
D16,45,4503,450310
D16,45,4503,450390
D16,45,4504,450410
D16,45,4504,450490
D16,46,4601,460121
D16,46,4601,460122
D16,46,4601,460129
D16,46,4601,460192
D16,46,4601,460193
D16,46,4601,460194
D16,46,4601,460199
D16,46,4602,460211
D16,46,4602,460212
D16,46,4602,460219
D16,46,4602,460290
D17,47,4701,470100
D17,47,4702,470200
D17,47,4703,470311
D17,47,4703,470319
D17,47,4703,470321
D17,47,4703,470329
D17,47,4704,470411
D17,47,4704,470419
D17,47,4704,470421
D17,47,4704,470429
D17,47,4705,470500
D17,47,4706,470610
D17,47,4706,470620
D17,47,4706,470630
D17,47,4706,470691
D17,47,4706,470692
D17,47,4706,470693
D17,48,4801,480100
D17,48,4802,480210
D17,48,4802,480220
D17,48,4802,480240
D17,48,4802,480254
D17,48,4802,480255
D17,48,4802,480256
D17,48,4802,480257
D17,48,4802,480258
D17,48,4802,480261
D17,48,4802,480262
D17,48,4802,480269
D17,48,4803,480300
D17,48,4804,480411
D17,48,4804,480419
D17,48,4804,480421
D17,48,4804,480429
D17,48,4804,480431
D17,48,4804,480439
D17,48,4804,480441
D17,48,4804,480442
D17,48,4804,480449
D17,48,4804,480451
D17,48,4804,480452
D17,48,4804,480459
D17,48,4805,480511
D17,48,4805,480512
D17,48,4805,480519
D17,48,4805,480524
D17,48,4805,480525
D17,48,4805,480530
D17,48,4805,480540
D17,48,4805,480550
D17,48,4805,480591
D17,48,4805,480592
D17,48,4805,480593
D17,48,4806,480610
D17,48,4806,480620
D17,48,4806,480630
D17,48,4806,480640
D17,48,4807,480700
D17,48,4808,480810
D17,48,4808,480840
D17,48,4808,480890
D17,48,4809,480920
D17,48,4809,480990
D17,48,4810,481013
D17,48,4810,481014
D17,48,4810,481019
D17,48,4810,481022
D17,48,4810,481029
D17,48,4810,481031
D17,48,4810,481032
D17,48,4810,481039
D17,48,4810,481092
D17,48,4810,481099
D17,48,4811,481110
D17,48,4811,481141
D17,48,4811,481149
D17,48,4811,481151
D17,48,4811,481159
D17,48,4811,481160
D17,48,4811,481190
D17,48,4812,481200
D17,48,4813,481310
D17,48,4813,481320
D17,48,4813,481390
D17,48,4814,481420
D17,48,4814,481490
D17,48,4816,481620
D17,48,4816,481690
D17,48,4817,481710
D17,48,4817,481720
D17,48,4817,481730
D17,48,4818,481810
D17,48,4818,481820
D17,48,4818,481830
D17,48,4818,481850
D17,48,4818,481890
D17,48,4819,481910
D17,48,4819,481920
D17,48,4819,481930
D17,48,4819,481940
D17,48,4819,481950
D17,48,4819,481960
D17,48,4820,482010
D17,48,4820,482020
D17,48,4820,482030
D17,48,4820,482040
D17,48,4820,482050
D17,48,4820,482090
D17,48,4821,482110
D17,48,4821,482190
D17,48,4822,482210
D17,48,4822,482290
D17,48,4823,482320
D17,48,4823,482340
D17,48,4823,482361
D17,48,4823,482369
D17,48,4823,482370
D17,48,4823,482390
D17,59,5905,590500
D17,96,9619,961900
D19,27,2701,270120
D19,27,2702,270220
D19,27,2704,270400
D19,27,2706,270600
D19,27,2710,271012
D19,27,2710,271019
D19,27,2710,271020
D19,27,2711,271112
D19,27,2711,271113
D19,27,2711,271114
D19,27,2711,271119
D19,27,2711,271129
D19,27,2712,271210
D19,27,2712,271220
D19,27,2712,271290
D19,27,2713,271311
D19,27,2713,271312
D19,27,2713,271320
D19,27,2713,271390
D20,15,1518,151800
D20,15,1520,152000
D20,22,2207,220710
D20,22,2207,220720
D20,26,2601,260120
D20,27,2707,270710
D20,27,2707,270720
D20,27,2707,270730
D20,27,2707,270740
D20,27,2707,270750
D20,27,2707,270791
D20,27,2707,270799
D20,27,2708,270810
D20,27,2708,270820
D20,28,2801,280110
D20,28,2801,280120
D20,28,2801,280130
D20,28,2802,280200
D20,28,2803,280300
D20,28,2804,280410
D20,28,2804,280421
D20,28,2804,280429
D20,28,2804,280430
D20,28,2804,280440
D20,28,2804,280450
D20,28,2804,280461
D20,28,2804,280469
D20,28,2804,280470
D20,28,2804,280480
D20,28,2804,280490
D20,28,2805,280511
D20,28,2805,280512
D20,28,2805,280519
D20,28,2805,280530
D20,28,2805,280540
D20,28,2806,280610
D20,28,2806,280620
D20,28,2807,280700
D20,28,2808,280800
D20,28,2809,280910
D20,28,2809,280920
D20,28,2810,281000
D20,28,2811,281111
D20,28,2811,281119
D20,28,2811,281121
D20,28,2811,281122
D20,28,2811,281129
D20,28,2812,281210
D20,28,2812,281290
D20,28,2813,281310
D20,28,2813,281390
D20,28,2814,281410
D20,28,2814,281420
D20,28,2815,281511
D20,28,2815,281512
D20,28,2815,281520
D20,28,2815,281530
D20,28,2816,281610
D20,28,2816,281640
D20,28,2817,281700
D20,28,2818,281810
D20,28,2818,281820
D20,28,2818,281830
D20,28,2819,281910
D20,28,2819,281990
D20,28,2820,282010
D20,28,2820,282090
D20,28,2821,282110
D20,28,2821,282120
D20,28,2822,282200
D20,28,2823,282300
D20,28,2824,282410
D20,28,2824,282490
D20,28,2825,282510
D20,28,2825,282520
D20,28,2825,282530
D20,28,2825,282540
D20,28,2825,282550
D20,28,2825,282560
D20,28,2825,282570
D20,28,2825,282580
D20,28,2825,282590
D20,28,2826,282612
D20,28,2826,282619
D20,28,2826,282630
D20,28,2826,282690
D20,28,2827,282710
D20,28,2827,282720
D20,28,2827,282731
D20,28,2827,282732
D20,28,2827,282735
D20,28,2827,282739
D20,28,2827,282741
D20,28,2827,282749
D20,28,2827,282751
D20,28,2827,282759
D20,28,2827,282760
D20,28,2828,282810
D20,28,2828,282890
D20,28,2829,282911
D20,28,2829,282919
D20,28,2829,282990
D20,28,2830,283010
D20,28,2830,283090
D20,28,2831,283110
D20,28,2831,283190
D20,28,2832,283210
D20,28,2832,283220
D20,28,2832,283230
D20,28,2833,283311
D20,28,2833,283319
D20,28,2833,283321
D20,28,2833,283322
D20,28,2833,283324
D20,28,2833,283325
D20,28,2833,283327
D20,28,2833,283329
D20,28,2833,283330
D20,28,2833,283340
D20,28,2834,283410
D20,28,2834,283421
D20,28,2834,283429
D20,28,2835,283510
D20,28,2835,283522
D20,28,2835,283524
D20,28,2835,283525
D20,28,2835,283526
D20,28,2835,283529
D20,28,2835,283531
D20,28,2835,283539
D20,28,2836,283620
D20,28,2836,283630
D20,28,2836,283640
D20,28,2836,283650
D20,28,2836,283660
D20,28,2836,283691
D20,28,2836,283692
D20,28,2836,283699
D20,28,2837,283711
D20,28,2837,283719
D20,28,2837,283720
D20,28,2839,283911
D20,28,2839,283919
D20,28,2839,283990
D20,28,2840,284011
D20,28,2840,284019
D20,28,2840,284020
D20,28,2840,284030
D20,28,2841,284130
D20,28,2841,284150
D20,28,2841,284161
D20,28,2841,284169
D20,28,2841,284170
D20,28,2841,284180
D20,28,2841,284190
D20,28,2842,284210
D20,28,2842,284290
D20,28,2843,284310
D20,28,2843,284321
D20,28,2843,284329
D20,28,2843,284330
D20,28,2843,284390
D20,28,2844,284410
D20,28,2844,284420
D20,28,2844,284430
D20,28,2844,284440
D20,28,2845,284510
D20,28,2845,284590
D20,28,2846,284610
D20,28,2846,284690
D20,28,2847,284700
D20,28,2848,284800
D20,28,2849,284910
D20,28,2849,284920
D20,28,2849,284990
D20,28,2850,285000
D20,28,2852,285210
D20,28,2852,285290
D20,28,2853,285300
D20,29,2901,290110
D20,29,2901,290121
D20,29,2901,290122
D20,29,2901,290123
D20,29,2901,290124
D20,29,2901,290129
D20,29,2902,290211
D20,29,2902,290219
D20,29,2902,290220
D20,29,2902,290230
D20,29,2902,290241
D20,29,2902,290242
D20,29,2902,290243
D20,29,2902,290244
D20,29,2902,290250
D20,29,2902,290260
D20,29,2902,290270
D20,29,2902,290290
D20,29,2903,290311
D20,29,2903,290312
D20,29,2903,290313
D20,29,2903,290314
D20,29,2903,290315
D20,29,2903,290319
D20,29,2903,290321
D20,29,2903,290322
D20,29,2903,290323
D20,29,2903,290329
D20,29,2903,290331
D20,29,2903,290339
D20,29,2903,290371
D20,29,2903,290372
D20,29,2903,290373
D20,29,2903,290374
D20,29,2903,290375
D20,29,2903,290376
D20,29,2903,290377
D20,29,2903,290378
D20,29,2903,290379
D20,29,2903,290381
D20,29,2903,290382
D20,29,2903,290389
D20,29,2903,290391
D20,29,2903,290392
D20,29,2903,290399
D20,29,2904,290410
D20,29,2904,290420
D20,29,2904,290490
D20,29,2905,290511
D20,29,2905,290512
D20,29,2905,290513
D20,29,2905,290514
D20,29,2905,290516
D20,29,2905,290517
D20,29,2905,290519
D20,29,2905,290522
D20,29,2905,290529
D20,29,2905,290531
D20,29,2905,290532
D20,29,2905,290539
D20,29,2905,290541
D20,29,2905,290542
D20,29,2905,290543
D20,29,2905,290544
D20,29,2905,290545
D20,29,2905,290549
D20,29,2905,290551
D20,29,2905,290559
D20,29,2906,290611
D20,29,2906,290612
D20,29,2906,290613
D20,29,2906,290619
D20,29,2906,290621
D20,29,2906,290629
D20,29,2907,290711
D20,29,2907,290712
D20,29,2907,290713
D20,29,2907,290715
D20,29,2907,290719
D20,29,2907,290721
D20,29,2907,290722
D20,29,2907,290723
D20,29,2907,290729
D20,29,2908,290811
D20,29,2908,290819
D20,29,2908,290891
D20,29,2908,290892
D20,29,2908,290899
D20,29,2909,290911
D20,29,2909,290919
D20,29,2909,290920
D20,29,2909,290930
D20,29,2909,290941
D20,29,2909,290943
D20,29,2909,290944
D20,29,2909,290949
D20,29,2909,290950
D20,29,2909,290960
D20,29,2910,291010
D20,29,2910,291020
D20,29,2910,291030
D20,29,2910,291040
D20,29,2910,291090
D20,29,2911,291100
D20,29,2912,291211
D20,29,2912,291212
D20,29,2912,291219
D20,29,2912,291221
D20,29,2912,291229
D20,29,2912,291241
D20,29,2912,291242
D20,29,2912,291249
D20,29,2912,291250
D20,29,2912,291260
D20,29,2913,291300
D20,29,2914,291411
D20,29,2914,291412
D20,29,2914,291413
D20,29,2914,291419
D20,29,2914,291422
D20,29,2914,291423
D20,29,2914,291429
D20,29,2914,291431
D20,29,2914,291439
D20,29,2914,291440
D20,29,2914,291450
D20,29,2914,291461
D20,29,2914,291469
D20,29,2914,291470
D20,29,2915,291511
D20,29,2915,291512
D20,29,2915,291513
D20,29,2915,291521
D20,29,2915,291524
D20,29,2915,291529
D20,29,2915,291531
D20,29,2915,291532
D20,29,2915,291533
D20,29,2915,291536
D20,29,2915,291539
D20,29,2915,291540
D20,29,2915,291550
D20,29,2915,291560
D20,29,2915,291570
D20,29,2915,291590
D20,29,2916,291611
D20,29,2916,291612
D20,29,2916,291613
D20,29,2916,291614
D20,29,2916,291615
D20,29,2916,291616
D20,29,2916,291619
D20,29,2916,291620
D20,29,2916,291631
D20,29,2916,291632
D20,29,2916,291634
D20,29,2916,291639
D20,29,2917,291711
D20,29,2917,291712
D20,29,2917,291713
D20,29,2917,291714
D20,29,2917,291719
D20,29,2917,291720
D20,29,2917,291732
D20,29,2917,291733
D20,29,2917,291734
D20,29,2917,291735
D20,29,2917,291736
D20,29,2917,291737
D20,29,2917,291739
D20,29,2918,291811
D20,29,2918,291812
D20,29,2918,291813
D20,29,2918,291814
D20,29,2918,291815
D20,29,2918,291816
D20,29,2918,291818
D20,29,2918,291819
D20,29,2918,291829
D20,29,2918,291830
D20,29,2918,291891
D20,29,2918,291899
D20,29,2919,291910
D20,29,2919,291990
D20,29,2920,292011
D20,29,2920,292019
D20,29,2920,292090
D20,29,2921,292111
D20,29,2921,292119
D20,29,2921,292121
D20,29,2921,292122
D20,29,2921,292129
D20,29,2921,292130
D20,29,2921,292141
D20,29,2921,292142
D20,29,2921,292143
D20,29,2921,292144
D20,29,2921,292145
D20,29,2921,292146
D20,29,2921,292149
D20,29,2921,292151
D20,29,2921,292159
D20,29,2922,292211
D20,29,2922,292212
D20,29,2922,292213
D20,29,2922,292214
D20,29,2922,292219
D20,29,2922,292221
D20,29,2922,292229
D20,29,2922,292231
D20,29,2922,292239
D20,29,2922,292241
D20,29,2922,292242
D20,29,2922,292243
D20,29,2922,292244
D20,29,2922,292249
D20,29,2922,292250
D20,29,2923,292310
D20,29,2923,292320
D20,29,2923,292390
D20,29,2924,292411
D20,29,2924,292412
D20,29,2924,292419
D20,29,2924,292421
D20,29,2924,292423
D20,29,2924,292424
D20,29,2924,292429
D20,29,2925,292511
D20,29,2925,292512
D20,29,2925,292519
D20,29,2925,292521
D20,29,2925,292529
D20,29,2926,292610
D20,29,2926,292620
D20,29,2926,292630
D20,29,2926,292690
D20,29,2927,292700
D20,29,2928,292800
D20,29,2929,292910
D20,29,2929,292990
D20,29,2930,293020
D20,29,2930,293030
D20,29,2930,293040
D20,29,2930,293050
D20,29,2930,293090
D20,29,2931,293110
D20,29,2931,293120
D20,29,2931,293190
D20,29,2932,293211
D20,29,2932,293212
D20,29,2932,293213
D20,29,2932,293219
D20,29,2932,293220
D20,29,2932,293291
D20,29,2932,293292
D20,29,2932,293293
D20,29,2932,293294
D20,29,2932,293295
D20,29,2932,293299
D20,29,2933,293311
D20,29,2933,293319
D20,29,2933,293321
D20,29,2933,293329
D20,29,2933,293331
D20,29,2933,293332
D20,29,2933,293333
D20,29,2933,293339
D20,29,2933,293341
D20,29,2933,293349
D20,29,2933,293352
D20,29,2933,293353
D20,29,2933,293354
D20,29,2933,293355
D20,29,2933,293359
D20,29,2933,293361
D20,29,2933,293369
D20,29,2933,293371
D20,29,2933,293372
D20,29,2933,293379
D20,29,2933,293391
D20,29,2933,293399
D20,29,2934,293410
D20,29,2934,293420
D20,29,2934,293430
D20,29,2934,293491
D20,29,2934,293499
D20,29,2935,293500
D20,29,2942,294200
D20,31,3102,310210
D20,31,3102,310221
D20,31,3102,310229
D20,31,3102,310230
D20,31,3102,310240
D20,31,3102,310250
D20,31,3102,310260
D20,31,3102,310280
D20,31,3102,310290
D20,31,3103,310310
D20,31,3103,310390
D20,31,3104,310420
D20,31,3104,310430
D20,31,3104,310490
D20,31,3105,310510
D20,31,3105,310520
D20,31,3105,310530
D20,31,3105,310540
D20,31,3105,310551
D20,31,3105,310559
D20,31,3105,310560
D20,31,3105,310590
D20,32,3201,320110
D20,32,3201,320120
D20,32,3201,320190
D20,32,3202,320210
D20,32,3202,320290
D20,32,3203,320300
D20,32,3204,320411
D20,32,3204,320412
D20,32,3204,320413
D20,32,3204,320414
D20,32,3204,320415
D20,32,3204,320416
D20,32,3204,320417
D20,32,3204,320419
D20,32,3204,320420
D20,32,3204,320490
D20,32,3205,320500
D20,32,3206,320611
D20,32,3206,320619
D20,32,3206,320620
D20,32,3206,320641
D20,32,3206,320642
D20,32,3206,320649
D20,32,3206,320650
D20,32,3207,320710
D20,32,3207,320720
D20,32,3207,320730
D20,32,3207,320740
D20,32,3208,320810
D20,32,3208,320820
D20,32,3208,320890
D20,32,3209,320910
D20,32,3209,320990
D20,32,3210,321000
D20,32,3211,321100
D20,32,3212,321210
D20,32,3212,321290
D20,32,3213,321310
D20,32,3213,321390
D20,32,3214,321410
D20,32,3214,321490
D20,32,3215,321511
D20,32,3215,321519
D20,32,3215,321590
D20,33,3301,330112
D20,33,3301,330113
D20,33,3301,330119
D20,33,3301,330124
D20,33,3301,330125
D20,33,3301,330129
D20,33,3301,330130
D20,33,3301,330190
D20,33,3302,330210
D20,33,3302,330290
D20,33,3303,330300
D20,33,3304,330410
D20,33,3304,330420
D20,33,3304,330430
D20,33,3304,330491
D20,33,3304,330499
D20,33,3305,330510
D20,33,3305,330520
D20,33,3305,330530
D20,33,3305,330590
D20,33,3306,330610
D20,33,3306,330620
D20,33,3306,330690
D20,33,3307,330710
D20,33,3307,330720
D20,33,3307,330730
D20,33,3307,330741
D20,33,3307,330749
D20,33,3307,330790
D20,34,3401,340111
D20,34,3401,340119
D20,34,3401,340120
D20,34,3401,340130
D20,34,3402,340211
D20,34,3402,340212
D20,34,3402,340213
D20,34,3402,340219
D20,34,3402,340220
D20,34,3402,340290
D20,34,3403,340311
D20,34,3403,340319
D20,34,3403,340391
D20,34,3403,340399
D20,34,3404,340420
D20,34,3404,340490
D20,34,3405,340510
D20,34,3405,340520
D20,34,3405,340530
D20,34,3405,340540
D20,34,3405,340590
D20,34,3407,340700
D20,35,3501,350190
D20,35,3502,350220
D20,35,3502,350290
D20,35,3503,350300
D20,35,3504,350400
D20,35,3505,350520
D20,35,3506,350610
D20,35,3506,350691
D20,35,3506,350699
D20,35,3507,350710
D20,35,3507,350790
D20,36,3601,360100
D20,36,3602,360200
D20,36,3603,360300
D20,36,3604,360410
D20,36,3604,360490
D20,36,3605,360500
D20,37,3701,370110
D20,37,3701,370120
D20,37,3701,370130
D20,37,3701,370191
D20,37,3701,370199
D20,37,3702,370210
D20,37,3702,370231
D20,37,3702,370232
D20,37,3702,370239
D20,37,3702,370241
D20,37,3702,370242
D20,37,3702,370243
D20,37,3702,370244
D20,37,3702,370252
D20,37,3702,370253
D20,37,3702,370254
D20,37,3702,370255
D20,37,3702,370256
D20,37,3702,370296
D20,37,3702,370297
D20,37,3702,370298
D20,37,3703,370310
D20,37,3703,370320
D20,37,3703,370390
D20,37,3707,370710
D20,37,3707,370790
D20,38,3802,380210
D20,38,3802,380290
D20,38,3803,380300
D20,38,3804,380400
D20,38,3805,380510
D20,38,3805,380590
D20,38,3806,380610
D20,38,3806,380620
D20,38,3806,380630
D20,38,3806,380690
D20,38,3807,380700
D20,38,3808,380850
D20,38,3808,380891
D20,38,3808,380892
D20,38,3808,380893
D20,38,3808,380894
D20,38,3808,380899
D20,38,3809,380910
D20,38,3809,380991
D20,38,3809,380992
D20,38,3809,380993
D20,38,3810,381010
D20,38,3810,381090
D20,38,3811,381111
D20,38,3811,381119
D20,38,3811,381121
D20,38,3811,381129
D20,38,3811,381190
D20,38,3812,381210
D20,38,3812,381220
D20,38,3812,381230
D20,38,3813,381300
D20,38,3814,381400
D20,38,3815,381511
D20,38,3815,381512
D20,38,3815,381519
D20,38,3815,381590
D20,38,3817,381700
D20,38,3818,381800
D20,38,3819,381900
D20,38,3820,382000
D20,38,3821,382100
D20,38,3822,382200
D20,38,3823,382311
D20,38,3823,382312
D20,38,3823,382313
D20,38,3823,382319
D20,38,3823,382370
D20,38,3824,382410
D20,38,3824,382430
D20,38,3824,382440
D20,38,3824,382460
D20,38,3824,382471
D20,38,3824,382472
D20,38,3824,382473
D20,38,3824,382474
D20,38,3824,382475
D20,38,3824,382476
D20,38,3824,382477
D20,38,3824,382478
D20,38,3824,382479
D20,38,3824,382481
D20,38,3824,382482
D20,38,3824,382483
D20,38,3824,382490
D20,38,3826,382600
D20,39,3901,390110
D20,39,3901,390120
D20,39,3901,390130
D20,39,3901,390190
D20,39,3902,390210
D20,39,3902,390220
D20,39,3902,390230
D20,39,3902,390290
D20,39,3903,390311
D20,39,3903,390319
D20,39,3903,390320
D20,39,3903,390330
D20,39,3903,390390
D20,39,3904,390410
D20,39,3904,390421
D20,39,3904,390422
D20,39,3904,390430
D20,39,3904,390440
D20,39,3904,390450
D20,39,3904,390461
D20,39,3904,390469
D20,39,3904,390490
D20,39,3905,390512
D20,39,3905,390519
D20,39,3905,390521
D20,39,3905,390529
D20,39,3905,390530
D20,39,3905,390591
D20,39,3905,390599
D20,39,3906,390610
D20,39,3906,390690
D20,39,3907,390710
D20,39,3907,390720
D20,39,3907,390730
D20,39,3907,390740
D20,39,3907,390750
D20,39,3907,390760
D20,39,3907,390770
D20,39,3907,390791
D20,39,3907,390799
D20,39,3908,390810
D20,39,3908,390890
D20,39,3909,390910
D20,39,3909,390920
D20,39,3909,390930
D20,39,3909,390940
D20,39,3909,390950
D20,39,3910,391000
D20,39,3911,391110
D20,39,3911,391190
D20,39,3912,391211
D20,39,3912,391212
D20,39,3912,391220
D20,39,3912,391231
D20,39,3912,391239
D20,39,3912,391290
D20,39,3913,391310
D20,39,3913,391390
D20,39,3914,391400
D20,40,4002,400211
D20,40,4002,400219
D20,40,4002,400220
D20,40,4002,400231
D20,40,4002,400239
D20,40,4002,400241
D20,40,4002,400249
D20,40,4002,400251
D20,40,4002,400259
D20,40,4002,400260
D20,40,4002,400270
D20,40,4002,400280
D20,40,4002,400291
D20,40,4002,400299
D20,44,4402,440210
D20,44,4402,440290
D20,54,5402,540211
D20,54,5402,540219
D20,54,5402,540220
D20,54,5402,540231
D20,54,5402,540232
D20,54,5402,540233
D20,54,5402,540234
D20,54,5402,540239
D20,54,5402,540244
D20,54,5402,540245
D20,54,5402,540246
D20,54,5402,540247
D20,54,5402,540248
D20,54,5402,540249
D20,54,5402,540251
D20,54,5402,540252
D20,54,5402,540259
D20,54,5403,540310
D20,54,5403,540331
D20,54,5403,540332
D20,54,5403,540333
D20,54,5403,540339
D20,54,5404,540411
D20,54,5404,540412
D20,54,5404,540419
D20,54,5404,540490
D20,54,5405,540500
D20,55,5501,550110
D20,55,5501,550120
D20,55,5501,550130
D20,55,5501,550140
D20,55,5501,550190
D20,55,5502,550200
D20,55,5503,550311
D20,55,5503,550319
D20,55,5503,550320
D20,55,5503,550330
D20,55,5503,550340
D20,55,5503,550390
D20,55,5504,550410
D20,55,5504,550490
D20,84,8401,840130
D21,29,2918,291821
D21,29,2918,291822
D21,29,2918,291823
D21,29,2936,293621
D21,29,2936,293622
D21,29,2936,293623
D21,29,2936,293624
D21,29,2936,293625
D21,29,2936,293626
D21,29,2936,293627
D21,29,2936,293628
D21,29,2936,293629
D21,29,2936,293690
D21,29,2937,293711
D21,29,2937,293712
D21,29,2937,293719
D21,29,2937,293721
D21,29,2937,293722
D21,29,2937,293723
D21,29,2937,293729
D21,29,2937,293750
D21,29,2937,293790
D21,29,2938,293810
D21,29,2938,293890
D21,29,2939,293911
D21,29,2939,293919
D21,29,2939,293920
D21,29,2939,293930
D21,29,2939,293941
D21,29,2939,293942
D21,29,2939,293943
D21,29,2939,293944
D21,29,2939,293949
D21,29,2939,293951
D21,29,2939,293959
D21,29,2939,293961
D21,29,2939,293962
D21,29,2939,293963
D21,29,2939,293969
D21,29,2939,293991
D21,29,2939,293999
D21,29,2940,294000
D21,29,2941,294110
D21,29,2941,294120
D21,29,2941,294130
D21,29,2941,294140
D21,29,2941,294150
D21,29,2941,294190
D21,30,3001,300120
D21,30,3001,300190
D21,30,3002,300210
D21,30,3002,300220
D21,30,3002,300230
D21,30,3002,300290
D21,30,3003,300310
D21,30,3003,300320
D21,30,3003,300331
D21,30,3003,300339
D21,30,3003,300340
D21,30,3003,300390
D21,30,3004,300410
D21,30,3004,300420
D21,30,3004,300431
D21,30,3004,300432
D21,30,3004,300439
D21,30,3004,300440
D21,30,3004,300450
D21,30,3004,300490
D21,30,3005,300510
D21,30,3005,300590
D21,30,3006,300620
D21,30,3006,300630
D21,30,3006,300660
D21,30,3006,300670
D21,30,3006,300692
D22,30,3006,300691
D22,39,3916,391610
D22,39,3916,391620
D22,39,3916,391690
D22,39,3917,391710
D22,39,3917,391721
D22,39,3917,391722
D22,39,3917,391723
D22,39,3917,391729
D22,39,3917,391731
D22,39,3917,391732
D22,39,3917,391733
D22,39,3917,391739
D22,39,3917,391740
D22,39,3918,391810
D22,39,3918,391890
D22,39,3919,391910
D22,39,3919,391990
D22,39,3920,392010
D22,39,3920,392020
D22,39,3920,392030
D22,39,3920,392043
D22,39,3920,392049
D22,39,3920,392051
D22,39,3920,392059
D22,39,3920,392061
D22,39,3920,392062
D22,39,3920,392063
D22,39,3920,392069
D22,39,3920,392071
D22,39,3920,392073
D22,39,3920,392079
D22,39,3920,392091
D22,39,3920,392092
D22,39,3920,392093
D22,39,3920,392094
D22,39,3920,392099
D22,39,3921,392111
D22,39,3921,392112
D22,39,3921,392113
D22,39,3921,392114
D22,39,3921,392119
D22,39,3921,392190
D22,39,3922,392210
D22,39,3922,392220
D22,39,3922,392290
D22,39,3923,392310
D22,39,3923,392321
D22,39,3923,392329
D22,39,3923,392330
D22,39,3923,392340
D22,39,3923,392350
D22,39,3923,392390
D22,39,3924,392410
D22,39,3924,392490
D22,39,3925,392510
D22,39,3925,392520
D22,39,3925,392530
D22,39,3925,392590
D22,39,3926,392610
D22,39,3926,392620
D22,39,3926,392630
D22,39,3926,392640
D22,39,3926,392690
D22,40,4005,400510
D22,40,4005,400520
D22,40,4005,400591
D22,40,4005,400599
D22,40,4006,400610
D22,40,4006,400690
D22,40,4007,400700
D22,40,4008,400811
D22,40,4008,400819
D22,40,4008,400821
D22,40,4008,400829
D22,40,4009,400911
D22,40,4009,400912
D22,40,4009,400921
D22,40,4009,400922
D22,40,4009,400931
D22,40,4009,400932
D22,40,4009,400941
D22,40,4009,400942
D22,40,4010,401011
D22,40,4010,401012
D22,40,4010,401019
D22,40,4010,401031
D22,40,4010,401032
D22,40,4010,401033
D22,40,4010,401034
D22,40,4010,401035
D22,40,4010,401036
D22,40,4010,401039
D22,40,4011,401110
D22,40,4011,401120
D22,40,4011,401130
D22,40,4011,401140
D22,40,4011,401150
D22,40,4011,401161
D22,40,4011,401162
D22,40,4011,401163
D22,40,4011,401169
D22,40,4011,401192
D22,40,4011,401193
D22,40,4011,401194
D22,40,4011,401199
D22,40,4012,401211
D22,40,4012,401212
D22,40,4012,401213
D22,40,4012,401219
D22,40,4012,401290
D22,40,4013,401310
D22,40,4013,401320
D22,40,4013,401390
D22,40,4014,401410
D22,40,4014,401490
D22,40,4015,401511
D22,40,4015,401519
D22,40,4015,401590
D22,40,4016,401610
D22,40,4016,401691
D22,40,4016,401692
D22,40,4016,401693
D22,40,4016,401694
D22,40,4016,401695
D22,40,4016,401699
D22,40,4017,401700
D22,59,5904,590410
D22,59,5904,590490
D22,59,5906,590610
D22,59,5906,590691
D22,59,5906,590699
D22,65,6506,650691
D22,85,8547,854720
D22,94,9405,940592
D23,25,2517,251730
D23,25,2518,251820
D23,25,2518,251830
D23,25,2520,252020
D23,25,2522,252210
D23,25,2522,252220
D23,25,2522,252230
D23,25,2523,252310
D23,25,2523,252321
D23,25,2523,252329
D23,25,2523,252330
D23,25,2523,252390
D23,27,2715,271500
D23,38,3801,380110
D23,38,3801,380120
D23,38,3801,380130
D23,38,3801,380190
D23,38,3816,381600
D23,38,3824,382450
D23,68,6801,680100
D23,68,6802,680210
D23,68,6802,680221
D23,68,6802,680223
D23,68,6802,680229
D23,68,6802,680291
D23,68,6802,680292
D23,68,6802,680293
D23,68,6802,680299
D23,68,6803,680300
D23,68,6804,680410
D23,68,6804,680421
D23,68,6804,680422
D23,68,6804,680423
D23,68,6804,680430
D23,68,6805,680510
D23,68,6805,680520
D23,68,6805,680530
D23,68,6806,680610
D23,68,6806,680620
D23,68,6806,680690
D23,68,6807,680710
D23,68,6807,680790
D23,68,6808,680800
D23,68,6809,680911
D23,68,6809,680919
D23,68,6809,680990
D23,68,6810,681011
D23,68,6810,681019
D23,68,6810,681091
D23,68,6810,681099
D23,68,6811,681140
D23,68,6811,681181
D23,68,6811,681182
D23,68,6811,681189
D23,68,6812,681280
D23,68,6812,681291
D23,68,6812,681292
D23,68,6812,681293
D23,68,6812,681299
D23,68,6813,681320
D23,68,6813,681381
D23,68,6813,681389
D23,68,6814,681410
D23,68,6814,681490
D23,68,6815,681510
D23,68,6815,681520
D23,68,6815,681591
D23,68,6815,681599
D23,69,6901,690100
D23,69,6902,690210
D23,69,6902,690220
D23,69,6902,690290
D23,69,6903,690310
D23,69,6903,690320
D23,69,6903,690390
D23,69,6904,690410
D23,69,6904,690490
D23,69,6905,690510
D23,69,6905,690590
D23,69,6906,690600
D23,69,6907,690710
D23,69,6907,690790
D23,69,6908,690810
D23,69,6908,690890
D23,69,6909,690911
D23,69,6909,690912
D23,69,6909,690919
D23,69,6909,690990
D23,69,6910,691010
D23,69,6910,691090
D23,69,6911,691110
D23,69,6911,691190
D23,69,6912,691200
D23,69,6913,691310
D23,69,6913,691390
D23,69,6914,691410
D23,69,6914,691490
D23,70,7001,700100
D23,70,7002,700210
D23,70,7002,700220
D23,70,7002,700231
D23,70,7002,700232
D23,70,7002,700239
D23,70,7003,700312
D23,70,7003,700319
D23,70,7003,700320
D23,70,7003,700330
D23,70,7004,700420
D23,70,7004,700490
D23,70,7005,700510
D23,70,7005,700521
D23,70,7005,700529
D23,70,7005,700530
D23,70,7006,700600
D23,70,7007,700711
D23,70,7007,700719
D23,70,7007,700721
D23,70,7007,700729
D23,70,7008,700800
D23,70,7009,700910
D23,70,7009,700991
D23,70,7009,700992
D23,70,7010,701010
D23,70,7010,701020
D23,70,7010,701090
D23,70,7011,701110
D23,70,7011,701120
D23,70,7011,701190
D23,70,7013,701310
D23,70,7013,701322
D23,70,7013,701328
D23,70,7013,701333
D23,70,7013,701337
D23,70,7013,701341
D23,70,7013,701342
D23,70,7013,701349
D23,70,7013,701391
D23,70,7013,701399
D23,70,7014,701400
D23,70,7015,701510
D23,70,7015,701590
D23,70,7016,701610
D23,70,7016,701690
D23,70,7017,701710
D23,70,7017,701720
D23,70,7017,701790
D23,70,7018,701810
D23,70,7018,701820
D23,70,7018,701890
D23,70,7019,701911
D23,70,7019,701912
D23,70,7019,701919
D23,70,7019,701931
D23,70,7019,701932
D23,70,7019,701939
D23,70,7019,701990
D23,70,7020,702000
D23,71,7104,710410
D23,71,7104,710420
D23,85,8505,850519
D23,85,8546,854610
D23,85,8546,854620
D23,85,8547,854710
D23,94,9405,940591
D26,85,8525,852580
D27,63,6301,630110
D27,73,7321,732111
D27,73,7321,732112
D27,73,7321,732119
D27,73,7321,732181
D27,73,7321,732182
D27,73,7321,732189
D27,73,7321,732190
D27,73,7322,732290
D27,84,8414,841451
D27,84,8414,841460
D27,84,8418,841810
D27,84,8418,841821
D27,84,8418,841829
D27,84,8418,841830
D27,84,8418,841840
D27,84,8419,841911
D27,84,8419,841919
D27,84,8422,842211
D27,84,8450,845011
D27,84,8450,845012
D27,84,8450,845019
D27,84,8451,845121
D27,85,8501,850110
D27,85,8501,850120
D27,85,8501,850131
D27,85,8501,850132
D27,85,8501,850133
D27,85,8501,850134
D27,85,8501,850140
D27,85,8501,850151
D27,85,8501,850152
D27,85,8501,850153
D27,85,8501,850161
D27,85,8501,850162
D27,85,8501,850163
D27,85,8501,850164
D27,85,8502,850211
D27,85,8502,850212
D27,85,8502,850213
D27,85,8502,850220
D27,85,8502,850231
D27,85,8502,850239
D27,85,8502,850240
D27,85,8503,850300
D27,85,8504,850410
D27,85,8504,850421
D27,85,8504,850422
D27,85,8504,850423
D27,85,8504,850431
D27,85,8504,850432
D27,85,8504,850433
D27,85,8504,850434
D27,85,8504,850440
D27,85,8504,850450
D27,85,8504,850490
D27,85,8505,850520
D27,85,8505,850590
D27,85,8506,850610
D27,85,8506,850630
D27,85,8506,850640
D27,85,8506,850650
D27,85,8506,850660
D27,85,8506,850680
D27,85,8506,850690
D27,85,8507,850710
D27,85,8507,850720
D27,85,8507,850730
D27,85,8507,850740
D27,85,8507,850750
D27,85,8507,850760
D27,85,8507,850780
D27,85,8507,850790
D27,85,8508,850811
D27,85,8508,850870
D27,85,8509,850940
D27,85,8509,850980
D27,85,8509,850990
D27,85,8510,851010
D27,85,8510,851020
D27,85,8510,851030
D27,85,8510,851090
D27,85,8512,851210
D27,85,8512,851220
D27,85,8512,851290
D27,85,8513,851310
D27,85,8513,851390
D27,85,8515,851511
D27,85,8515,851519
D27,85,8515,851521
D27,85,8515,851529
D27,85,8515,851531
D27,85,8515,851539
D27,85,8516,851610
D27,85,8516,851621
D27,85,8516,851629
D27,85,8516,851631
D27,85,8516,851632
D27,85,8516,851633
D27,85,8516,851640
D27,85,8516,851650
D27,85,8516,851660
D27,85,8516,851671
D27,85,8516,851672
D27,85,8516,851679
D27,85,8516,851680
D27,85,8516,851690
D27,85,8530,853010
D27,85,8530,853080
D27,85,8530,853090
D27,85,8531,853120
D27,85,8531,853180
D27,85,8531,853190
D27,85,8535,853510
D27,85,8535,853521
D27,85,8535,853529
D27,85,8535,853530
D27,85,8535,853540
D27,85,8535,853590
D27,85,8536,853610
D27,85,8536,853620
D27,85,8536,853630
D27,85,8536,853641
D27,85,8536,853649
D27,85,8536,853650
D27,85,8536,853661
D27,85,8536,853669
D27,85,8536,853690
D27,85,8537,853710
D27,85,8537,853720
D27,85,8538,853810
D27,85,8538,853890
D27,85,8539,853910
D27,85,8539,853921
D27,85,8539,853922
D27,85,8539,853929
D27,85,8539,853931
D27,85,8539,853932
D27,85,8539,853939
D27,85,8539,853941
D27,85,8539,853949
D27,85,8539,853990
D27,85,8543,854310
D27,85,8543,854320
D27,85,8543,854330
D27,85,8543,854370
D27,85,8543,854390
D27,85,8544,854411
D27,85,8544,854419
D27,85,8544,854420
D27,85,8544,854442
D27,85,8544,854449
D27,85,8544,854460
D27,85,8544,854470
D27,85,8545,854511
D27,85,8545,854519
D27,85,8545,854520
D27,85,8545,854590
D27,85,8546,854690
D27,85,8547,854790
D27,85,8548,854890
D27,90,9001,900110
D27,90,9001,900120
D27,90,9001,900130
D27,90,9001,900140
D27,90,9001,900150
D27,90,9001,900190
D27,90,9002,900219
D27,90,9002,900220
D27,90,9002,900290
D27,94,9405,940510
D27,94,9405,940520
D27,94,9405,940530
D27,94,9405,940540
D27,94,9405,940550
D27,94,9405,940560
D27,94,9405,940599
D28,73,7315,731511
D28,73,7315,731512
D28,73,7315,731519
D28,84,8401,840120
D28,84,8405,840510
D28,84,8405,840590
D28,84,8406,840610
D28,84,8406,840681
D28,84,8406,840682
D28,84,8406,840690
D28,84,8407,840721
D28,84,8407,840729
D28,84,8407,840790
D28,84,8408,840810
D28,84,8408,840890
D28,84,8410,841011
D28,84,8410,841012
D28,84,8410,841013
D28,84,8410,841090
D28,84,8411,841181
D28,84,8411,841182
D28,84,8411,841199
D28,84,8412,841221
D28,84,8412,841229
D28,84,8412,841231
D28,84,8412,841239
D28,84,8412,841280
D28,84,8412,841290
D28,84,8413,841311
D28,84,8413,841319
D28,84,8413,841320
D28,84,8413,841330
D28,84,8413,841340
D28,84,8413,841350
D28,84,8413,841360
D28,84,8413,841370
D28,84,8413,841381
D28,84,8413,841382
D28,84,8413,841391
D28,84,8413,841392
D28,84,8414,841410
D28,84,8414,841420
D28,84,8414,841430
D28,84,8414,841440
D28,84,8414,841459
D28,84,8414,841480
D28,84,8414,841490
D28,84,8415,841510
D28,84,8415,841520
D28,84,8415,841581
D28,84,8415,841582
D28,84,8415,841583
D28,84,8415,841590
D28,84,8416,841610
D28,84,8416,841620
D28,84,8416,841630
D28,84,8416,841690
D28,84,8417,841710
D28,84,8417,841720
D28,84,8417,841780
D28,84,8417,841790
D28,84,8418,841850
D28,84,8418,841861
D28,84,8418,841869
D28,84,8418,841891
D28,84,8418,841899
D28,84,8419,841931
D28,84,8419,841932
D28,84,8419,841939
D28,84,8419,841940
D28,84,8419,841950
D28,84,8419,841960
D28,84,8419,841981
D28,84,8419,841989
D28,84,8419,841990
D28,84,8420,842010
D28,84,8420,842091
D28,84,8420,842099
D28,84,8421,842111
D28,84,8421,842112
D28,84,8421,842119
D28,84,8421,842121
D28,84,8421,842122
D28,84,8421,842123
D28,84,8421,842129
D28,84,8421,842131
D28,84,8421,842139
D28,84,8421,842191
D28,84,8421,842199
D28,84,8422,842219
D28,84,8422,842220
D28,84,8422,842230
D28,84,8422,842240
D28,84,8422,842290
D28,84,8423,842310
D28,84,8423,842320
D28,84,8423,842330
D28,84,8423,842381
D28,84,8423,842382
D28,84,8423,842389
D28,84,8423,842390
D28,84,8424,842410
D28,84,8424,842420
D28,84,8424,842430
D28,84,8424,842481
D28,84,8424,842489
D28,84,8424,842490
D28,84,8425,842511
D28,84,8425,842519
D28,84,8425,842531
D28,84,8425,842539
D28,84,8425,842541
D28,84,8425,842542
D28,84,8425,842549
D28,84,8426,842611
D28,84,8426,842612
D28,84,8426,842619
D28,84,8426,842620
D28,84,8426,842630
D28,84,8426,842641
D28,84,8426,842649
D28,84,8426,842691
D28,84,8426,842699
D28,84,8427,842710
D28,84,8427,842720
D28,84,8427,842790
D28,84,8428,842810
D28,84,8428,842820
D28,84,8428,842831
D28,84,8428,842832
D28,84,8428,842833
D28,84,8428,842839
D28,84,8428,842840
D28,84,8428,842860
D28,84,8428,842890
D28,84,8429,842911
D28,84,8429,842919
D28,84,8429,842920
D28,84,8429,842930
D28,84,8429,842940
D28,84,8429,842951
D28,84,8429,842952
D28,84,8429,842959
D28,84,8430,843010
D28,84,8430,843020
D28,84,8430,843031
D28,84,8430,843039
D28,84,8430,843041
D28,84,8430,843049
D28,84,8430,843050
D28,84,8430,843061
D28,84,8430,843069
D28,84,8431,843110
D28,84,8431,843120
D28,84,8431,843131
D28,84,8431,843139
D28,84,8431,843141
D28,84,8431,843142
D28,84,8431,843143
D28,84,8431,843149
D28,84,8432,843210
D28,84,8432,843221
D28,84,8432,843229
D28,84,8432,843230
D28,84,8432,843240
D28,84,8432,843280
D28,84,8432,843290
D28,84,8433,843311
D28,84,8433,843319
D28,84,8433,843320
D28,84,8433,843330
D28,84,8433,843340
D28,84,8433,843351
D28,84,8433,843352
D28,84,8433,843353
D28,84,8433,843359
D28,84,8433,843360
D28,84,8433,843390
D28,84,8434,843410
D28,84,8434,843420
D28,84,8434,843490
D28,84,8435,843510
D28,84,8435,843590
D28,84,8436,843610
D28,84,8436,843621
D28,84,8436,843629
D28,84,8436,843680
D28,84,8436,843691
D28,84,8436,843699
D28,84,8437,843710
D28,84,8437,843780
D28,84,8437,843790
D28,84,8438,843810
D28,84,8438,843820
D28,84,8438,843830
D28,84,8438,843840
D28,84,8438,843850
D28,84,8438,843860
D28,84,8438,843880
D28,84,8438,843890
D28,84,8439,843910
D28,84,8439,843920
D28,84,8439,843930
D28,84,8439,843991
D28,84,8439,843999
D28,84,8440,844010
D28,84,8440,844090
D28,84,8441,844110
D28,84,8441,844120
D28,84,8441,844130
D28,84,8441,844140
D28,84,8441,844180
D28,84,8441,844190
D28,84,8442,844230
D28,84,8442,844240
D28,84,8443,844311
D28,84,8443,844312
D28,84,8443,844313
D28,84,8443,844314
D28,84,8443,844315
D28,84,8443,844316
D28,84,8443,844317
D28,84,8443,844319
D28,84,8443,844332
D28,84,8443,844339
D28,84,8443,844391
D28,84,8443,844399
D28,84,8444,844400
D28,84,8445,844511
D28,84,8445,844512
D28,84,8445,844513
D28,84,8445,844519
D28,84,8445,844520
D28,84,8445,844530
D28,84,8445,844540
D28,84,8445,844590
D28,84,8446,844610
D28,84,8446,844621
D28,84,8446,844629
D28,84,8446,844630
D28,84,8447,844711
D28,84,8447,844712
D28,84,8447,844720
D28,84,8447,844790
D28,84,8448,844811
D28,84,8448,844819
D28,84,8448,844820
D28,84,8448,844831
D28,84,8448,844832
D28,84,8448,844833
D28,84,8448,844839
D28,84,8448,844842
D28,84,8448,844849
D28,84,8448,844851
D28,84,8448,844859
D28,84,8449,844900
D28,84,8450,845020
D28,84,8450,845090
D28,84,8451,845110
D28,84,8451,845129
D28,84,8451,845130
D28,84,8451,845140
D28,84,8451,845150
D28,84,8451,845180
D28,84,8451,845190
D28,84,8452,845210
D28,84,8452,845221
D28,84,8452,845229
D28,84,8452,845230
D28,84,8452,845290
D28,84,8453,845310
D28,84,8453,845320
D28,84,8453,845380
D28,84,8453,845390
D28,84,8454,845410
D28,84,8454,845420
D28,84,8454,845430
D28,84,8454,845490
D28,84,8455,845510
D28,84,8455,845521
D28,84,8455,845522
D28,84,8455,845530
D28,84,8455,845590
D28,84,8456,845610
D28,84,8456,845620
D28,84,8456,845630
D28,84,8456,845690
D28,84,8457,845710
D28,84,8457,845720
D28,84,8457,845730
D28,84,8458,845811
D28,84,8458,845819
D28,84,8458,845891
D28,84,8458,845899
D28,84,8459,845910
D28,84,8459,845921
D28,84,8459,845929
D28,84,8459,845931
D28,84,8459,845939
D28,84,8459,845940
D28,84,8459,845951
D28,84,8459,845959
D28,84,8459,845961
D28,84,8459,845969
D28,84,8459,845970
D28,84,8460,846011
D28,84,8460,846019
D28,84,8460,846021
D28,84,8460,846029
D28,84,8460,846031
D28,84,8460,846039
D28,84,8460,846040
D28,84,8460,846090
D28,84,8461,846120
D28,84,8461,846130
D28,84,8461,846140
D28,84,8461,846150
D28,84,8461,846190
D28,84,8462,846210
D28,84,8462,846221
D28,84,8462,846229
D28,84,8462,846231
D28,84,8462,846239
D28,84,8462,846241
D28,84,8462,846249
D28,84,8462,846291
D28,84,8462,846299
D28,84,8463,846310
D28,84,8463,846320
D28,84,8463,846330
D28,84,8463,846390
D28,84,8464,846410
D28,84,8464,846420
D28,84,8464,846490
D28,84,8465,846510
D28,84,8465,846591
D28,84,8465,846592
D28,84,8465,846593
D28,84,8465,846594
D28,84,8465,846595
D28,84,8465,846596
D28,84,8465,846599
D28,84,8466,846610
D28,84,8466,846620
D28,84,8466,846630
D28,84,8466,846691
D28,84,8466,846692
D28,84,8466,846693
D28,84,8466,846694
D28,84,8467,846711
D28,84,8467,846719
D28,84,8467,846721
D28,84,8467,846722
D28,84,8467,846729
D28,84,8467,846781
D28,84,8467,846789
D28,84,8467,846791
D28,84,8467,846792
D28,84,8467,846799
D28,84,8468,846810
D28,84,8468,846820
D28,84,8468,846880
D28,84,8468,846890
D28,84,8469,846900
D28,84,8470,847010
D28,84,8470,847021
D28,84,8470,847029
D28,84,8470,847030
D28,84,8470,847050
D28,84,8470,847090
D28,84,8472,847210
D28,84,8472,847230
D28,84,8472,847290
D28,84,8473,847310
D28,84,8473,847321
D28,84,8473,847329
D28,84,8473,847340
D28,84,8474,847410
D28,84,8474,847420
D28,84,8474,847431
D28,84,8474,847432
D28,84,8474,847439
D28,84,8474,847480
D28,84,8474,847490
D28,84,8475,847510
D28,84,8475,847521
D28,84,8475,847529
D28,84,8475,847590
D28,84,8476,847621
D28,84,8476,847629
D28,84,8476,847681
D28,84,8476,847689
D28,84,8476,847690
D28,84,8477,847710
D28,84,8477,847720
D28,84,8477,847730
D28,84,8477,847740
D28,84,8477,847751
D28,84,8477,847759
D28,84,8477,847780
D28,84,8477,847790
D28,84,8478,847810
D28,84,8478,847890
D28,84,8479,847910
D28,84,8479,847920
D28,84,8479,847930
D28,84,8479,847940
D28,84,8479,847950
D28,84,8479,847960
D28,84,8479,847971
D28,84,8479,847979
D28,84,8479,847981
D28,84,8479,847982
D28,84,8479,847989
D28,84,8479,847990
D28,84,8481,848110
D28,84,8481,848120
D28,84,8481,848130
D28,84,8481,848140
D28,84,8481,848180
D28,84,8481,848190
D28,84,8482,848210
D28,84,8482,848220
D28,84,8482,848230
D28,84,8482,848240
D28,84,8482,848250
D28,84,8482,848280
D28,84,8482,848291
D28,84,8482,848299
D28,84,8483,848310
D28,84,8483,848320
D28,84,8483,848330
D28,84,8483,848340
D28,84,8483,848350
D28,84,8483,848360
D28,84,8483,848390
D28,84,8484,848410
D28,84,8484,848420
D28,84,8484,848490
D28,84,8486,848610
D28,84,8486,848620
D28,84,8486,848630
D28,84,8486,848640
D28,84,8486,848690
D28,84,8487,848790
D28,85,8508,850819
D28,85,8508,850860
D28,85,8514,851410
D28,85,8514,851420
D28,85,8514,851430
D28,85,8514,851440
D28,85,8514,851490
D28,85,8515,851580
D28,85,8515,851590
D28,87,8701,870110
D28,87,8701,870130
D28,87,8701,870190
D28,87,8704,870410
D28,87,8709,870911
D28,87,8709,870919
D28,87,8709,870990
D28,87,8716,871620
D28,88,8805,880510
D28,88,8805,880521
D28,88,8805,880529
D28,95,9508,950810
D28,95,9508,950890
D29,84,8407,840731
D29,84,8407,840732
D29,84,8407,840733
D29,84,8407,840734
D29,84,8408,840820
D29,84,8409,840991
D29,84,8409,840999
D29,85,8511,851110
D29,85,8511,851120
D29,85,8511,851130
D29,85,8511,851140
D29,85,8511,851150
D29,85,8511,851180
D29,85,8511,851190
D29,85,8512,851230
D29,85,8512,851240
D29,85,8544,854430
D29,86,8609,860900
D29,87,8701,870120
D29,87,8702,870210
D29,87,8702,870290
D29,87,8703,870310
D29,87,8703,870321
D29,87,8703,870322
D29,87,8703,870323
D29,87,8703,870324
D29,87,8703,870331
D29,87,8703,870332
D29,87,8703,870333
D29,87,8703,870390
D29,87,8704,870421
D29,87,8704,870422
D29,87,8704,870423
D29,87,8704,870431
D29,87,8704,870432
D29,87,8704,870490
D29,87,8705,870510
D29,87,8705,870520
D29,87,8705,870530
D29,87,8705,870540
D29,87,8705,870590
D29,87,8706,870600
D29,87,8707,870710
D29,87,8707,870790
D29,87,8708,870810
D29,87,8708,870821
D29,87,8708,870829
D29,87,8708,870830
D29,87,8708,870840
D29,87,8708,870850
D29,87,8708,870870
D29,87,8708,870880
D29,87,8708,870891
D29,87,8708,870892
D29,87,8708,870893
D29,87,8708,870894
D29,87,8708,870895
D29,87,8708,870899
D29,87,8716,871610
D29,87,8716,871631
D29,87,8716,871639
D29,87,8716,871640
D29,87,8716,871690
D29,94,9401,940120
D31,94,9401,940130
D31,94,9401,940140
D31,94,9401,940151
D31,94,9401,940159
D31,94,9401,940161
D31,94,9401,940169
D31,94,9401,940171
D31,94,9401,940179
D31,94,9401,940180
D31,94,9401,940190
D31,94,9403,940310
D31,94,9403,940320
D31,94,9403,940330
D31,94,9403,940340
D31,94,9403,940350
D31,94,9403,940360
D31,94,9403,940370
D31,94,9403,940381
D31,94,9403,940389
D31,94,9403,940390
D31,94,9404,940410
D31,94,9404,940421
D31,94,9404,940429
D31,96,9610,961000
D35,27,2705,270500
D35,27,2716,271600
D35,28,2844,284450
D38,26,2621,262110
D38,26,2621,262190
D38,40,4003,400300
D38,63,6310,631010
D58,85,8523,852329
D58,85,8523,852341
D58,85,8523,852349
D59,37,3706,370610
D59,37,3706,370690
D59,49,4904,490400
D59,85,8523,852380
