Exp or Imp,Year,HS,Country,Unit1,Unit2,Quantity1-Year,Quantity2-Year,Value-Year,Quantity1-Jan,Quantity2-Jan,Value-Jan,Quantity1-Feb,Quantity2-Feb,Value-Feb,Quantity1-Mar,Quantity2-Mar,Value-Mar,Quantity1-Apl,Quantity2-Apl,Value-Apl,Quantity1-May,Quantity2-May,Value-May,Quantity1-Jun,Quantity2-Jun,Value-Jun,Quantity1-Jul,Quantity2-Jul,Value-Jul,Quantity1-Aug,Quantity2-Aug,Value-Aug,Quantity1-Sep,Quantity2-Sep,Value-Sep,Quantity1-Oct,Quantity2-Oct,Value-Oct,Quantity1-Nov,Quantity2-Nov,Value-Nov,Quantity1-Dec,Quantity2-Dec,Value-Dec
2,2013,'150110200',207,  ,KG,0,673701,145572,0,16980,3341,0,51975,11027,0,86175,18593,0,86627,19051,0,86400,19259,0,51525,11165,0,34650,7444,0,86629,18568,0,68790,14755,0,34650,7154,0,51975,11294,0,17325,3921
2,2013,'150110200',304,  ,KG,0,103334,29307,0,17974,4654,0,8986,2365,0,17972,4948,0,0,0,0,8986,2597,0,17972,5443,0,0,0,0,8986,2602,0,0,0,0,0,0,0,8986,2656,0,13472,4042
2,2013,'150120100',106,  ,KG,0,235922,14779,0,25905,1472,0,15403,913,0,23805,1456,0,25905,1623,0,25904,1672,0,20300,1306,0,15400,993,0,29400,1873,0,15400,990,0,15400,984,0,14700,944,0,8400,553
2,2013,'150120200',304,  ,KG,0,260497,32249,0,28876,3614,0,4222,473,0,14093,1653,0,16689,1976,0,27222,3404,0,12600,1594,0,34444,4295,0,25287,3154,0,33542,4143,0,25976,3209,0,20961,2605,0,16585,2129
2,2013,'150190000',208,  ,KG,0,24400,2649,0,0,0,0,0,0,0,0,0,0,0,0,0,0,0,0,0,0,0,0,0,0,0,0,0,0,0,0,24400,2649,0,0,0,0,0,0
2,2013,'150190000',210,  ,KG,0,4751,3536,0,0,0,0,0,0,0,1488,818,0,0,0,0,0,0,0,844,698,0,0,0,0,0,0,0,0,0,0,2131,1791,0,0,0,0,288,229
2,2013,'150190000',304,  ,KG,0,615,651,0,0,0,0,0,0,0,0,0,0,0,0,0,0,0,0,615,651,0,0,0,0,0,0,0,0,0,0,0,0,0,0,0,0,0,0
2,2013,'150210019',103,  ,KG,0,199140,17885,0,0,0,0,0,0,0,0,0,0,0,0,0,0,0,0,0,0,0,0,0,0,0,0,0,199140,17885,0,0,0,0,0,0,0,0,0
2,2013,'150210019',302,  ,KG,0,41626539,4046320,0,0,0,0,5321817,460628,0,7095125,637892,0,0,0,0,8121959,827131,0,0,0,0,7011614,701836,0,0,0,0,8000416,848735,0,0,0,0,2025215,184603,0,4050393,385495
2,2013,'150210019',601,  ,KG,0,1021191,83306,0,1015171,82241,0,0,0,0,0,0,0,6020,1065,0,0,0,0,0,0,0,0,0,0,0,0,0,0,0,0,0,0,0,0,0,0,0,0
2,2013,'150210019',606,  ,KG,0,17010,3269,0,6264,1042,0,2106,480,0,0,0,0,0,0,0,0,0,0,4320,852,0,0,0,0,0,0,0,1728,394,0,0,0,0,2592,501,0,0,0
2,2013,'150290019',601,  ,KG,0,365418,54699,0,31970,4393,0,16008,2139,0,56588,8721,0,21666,3729,0,0,0,0,0,0,0,16100,2418,0,52493,7877,0,95241,14225,0,5990,1115,0,16077,2115,0,53285,7967
2,2013,'150290019',606,  ,KG,0,80302,9704,0,14499,1451,0,0,0,0,0,0,0,14395,1702,0,0,0,0,9002,1060,0,8494,1006,0,4892,621,0,0,0,0,0,0,0,0,0,0,29020,3864
2,2013,'150300000',304,  ,KG,0,137905,30224,0,14860,2331,0,2975,838,0,14678,3551,0,14860,2569,0,6785,1812,0,3810,930,0,29680,5988,0,2975,903,0,14860,3598,0,0,0,0,17835,3577,0,14587,4127
2,2013,'150410000',106,  ,KG,0,16560,22933,0,5760,7356,0,0,0,0,0,0,0,0,0,0,0,0,0,0,0,0,0,0,0,0,0,0,0,0,0,4320,5841,0,0,0,0,6480,9736
2,2013,'150410000',117,  ,KG,0,54413,79119,0,0,0,0,5405,6822,0,4500,6501,0,0,0,0,12980,18590,0,0,0,0,9156,14143,0,5601,7881,0,5040,7625,0,0,0,0,7951,11542,0,3780,6015
2,2013,'150410000',118,  ,KG,0,107494,144763,0,8640,10335,0,2880,3489,0,5400,6593,0,10800,13994,0,13221,18715,0,10529,15362,0,9335,13388,0,13680,19163,0,18249,24483,0,1260,1805,0,5220,6157,0,8280,11279
2,2013,'150410000',123,  ,KG,0,53865,68281,0,8640,11207,0,0,0,0,0,0,0,10410,14266,0,15735,19970,0,0,0,0,10800,14269,0,0,0,0,0,0,0,4680,4791,0,0,0,0,3600,3778
2,2013,'150410000',125,  ,KG,0,16560,28967,0,1700,2229,0,0,0,0,0,0,0,0,0,0,5560,12633,0,7680,12037,0,0,0,0,0,0,0,1620,2068,0,0,0,0,0,0,0,0,0
2,2013,'150410000',147,  ,KG,0,1453,1415,0,0,0,0,0,0,0,1453,1415,0,0,0,0,0,0,0,0,0,0,0,0,0,0,0,0,0,0,0,0,0,0,0,0,0,0,0
2,2013,'150410000',201,  ,KG,0,14400,9323,0,0,0,0,14400,9323,0,0,0,0,0,0,0,0,0,0,0,0,0,0,0,0,0,0,0,0,0,0,0,0,0,0,0,0,0,0
2,2013,'150410000',203,  ,KG,0,10,609,0,0,0,0,10,609,0,0,0,0,0,0,0,0,0,0,0,0,0,0,0,0,0,0,0,0,0,0,0,0,0,0,0,0,0,0
2,2013,'150410000',204,  ,KG,0,21020,17716,0,0,0,0,17260,14500,0,0,0,0,0,0,0,0,0,0,0,0,0,3760,3216,0,0,0,0,0,0,0,0,0,0,0,0,0,0,0
2,2013,'150410000',218,  ,KG,0,254292,312508,0,22822,29439,0,0,0,0,12540,15223,0,23560,19019,0,14658,19716,0,36480,51449,0,14440,17499,0,45410,51448,0,15200,20076,0,15200,19461,0,30400,37912,0,23582,31266
2,2013,'150410000',302,  ,KG,0,190,258,0,0,0,0,0,0,0,0,0,0,0,0,0,0,0,0,0,0,0,0,0,0,0,0,0,190,258,0,0,0,0,0,0,0,0,0
2,2013,'150410000',412,  ,KG,0,51852,38417,0,0,0,0,0,0,0,0,0,0,0,0,0,0,0,0,0,0,0,0,0,0,0,0,0,0,0,0,18662,13324,0,0,0,0,33190,25093
2,2013,'150410000',516,  ,KG,0,4680,5073,0,0,0,0,0,0,0,0,0,0,0,0,0,0,0,0,4680,5073,0,0,0,0,0,0,0,0,0,0,0,0,0,0,0,0,0,0
2,2013,'150410000',545,  ,KG,0,155440,181528,0,34730,36968,0,31450,36546,0,0,0,0,0,0,0,0,0,0,27880,33986,0,19360,23396,0,0,0,0,0,0,0,22360,26407,0,19660,24225,0,0,0
2,2013,'150410000',550,  ,KG,0,92344,67028,0,10024,6244,0,8280,5429,0,9540,6386,0,11479,7659,0,8901,6379,0,0,0,0,27050,19135,0,6659,7397,0,0,0,0,0,0,0,10411,8399,0,0,0
2,2013,'150410000',601,  ,KG,0,32400,116963,0,10800,38145,0,1080,2464,0,0,0,0,0,0,0,0,0,0,10800,41659,0,0,0,0,360,1124,0,0,0,0,9360,33571,0,0,0,0,0,0
2,2013,'150410000',606,  ,KG,0,22072,73012,0,0,0,0,3600,11949,0,1000,3400,0,2400,8167,0,5472,16768,0,1400,4609,0,1000,3371,0,1600,5312,0,2000,6838,0,2200,7646,0,1400,4952,0,0,0
2,2013,'150420000',103,  ,KG,0,781,17328,0,0,0,0,0,0,0,364,8054,0,0,0,0,11,336,0,0,0,0,0,0,0,0,0,0,0,0,0,0,0,0,0,0,0,406,8938
2,2013,'150420000',105,  ,KG,0,54183,15246,0,0,0,0,38848,5714,0,0,0,0,0,0,0,0,0,0,0,0,0,135,692,0,0,0,0,15200,8840,0,0,0,0,0,0,0,0,0
2,2013,'150420000',111,  ,KG,0,580960,358559,0,30400,24327,0,30400,26347,0,30400,11278,0,60800,38701,0,45600,25866,0,60800,39925,0,76000,37109,0,60800,38957,0,15200,13047,0,60800,38322,0,45600,25367,0,64160,39313
2,2013,'150420000',118,  ,KG,0,62670,9269,0,62670,9269,0,0,0,0,0,0,0,0,0,0,0,0,0,0,0,0,0,0,0,0,0,0,0,0,0,0,0,0,0,0,0,0,0
2,2013,'150420000',123,  ,KG,0,280610,45833,0,120590,15979,0,0,0,0,0,0,0,20000,2906,0,20000,3378,0,100000,18577,0,20020,4993,0,0,0,0,0,0,0,0,0,0,0,0,0,0,0
2,2013,'150420000',201,  ,KG,0,15200,8368,0,0,0,0,0,0,0,0,0,0,0,0,0,0,0,0,0,0,0,0,0,0,0,0,0,0,0,0,15200,8368,0,0,0,0,0,0
2,2013,'150420000',202,  ,KG,0,10560,5808,0,1800,901,0,0,0,0,0,0,0,1000,503,0,4000,2003,0,190,335,0,0,0,0,0,0,0,0,0,0,0,0,0,1170,864,0,2400,1202
2,2013,'150420000',204,  ,KG,0,2196480,461700,0,0,0,0,0,0,0,0,0,0,0,0,0,0,0,0,0,0,0,0,0,0,0,0,0,411700,98327,0,434720,104175,0,1350060,259198,0,0,0
2,2013,'150420000',205,  ,KG,0,192,510,0,96,247,0,0,0,0,0,0,0,0,0,0,0,0,0,0,0,0,0,0,0,96,263,0,0,0,0,0,0,0,0,0,0,0,0
2,2013,'150420000',207,  ,KG,0,1280,8465,0,400,2262,0,0,0,0,0,0,0,0,0,0,0,0,0,360,2309,0,0,0,0,0,0,0,0,0,0,0,0,0,0,0,0,520,3894
2,2013,'150420000',210,  ,KG,0,100,221,0,0,0,0,0,0,0,0,0,0,0,0,0,0,0,0,100,221,0,0,0,0,0,0,0,0,0,0,0,0,0,0,0,0,0,0
2,2013,'150420000',213,  ,KG,0,1495,4543,0,0,0,0,0,0,0,0,0,0,0,0,0,0,0,0,620,1642,0,0,0,0,0,0,0,0,0,0,0,0,0,875,2901,0,0,0
2,2013,'150420000',218,  ,KG,0,3516,48238,0,175,1029,0,0,0,0,500,7774,0,310,2514,0,0,0,0,0,0,0,1220,19221,0,175,1146,0,224,1483,0,0,0,0,275,3339,0,637,11732
2,2013,'150420000',302,  ,KG,0,3041,2860,0,0,0,0,0,0,0,0,0,0,0,0,0,0,0,0,0,0,0,3041,2860,0,0,0,0,0,0,0,0,0,0,0,0,0,0,0
2,2013,'150420000',304,  ,KG,0,3234011,752369,0,205765,37617,0,10147,21041,0,10284,23622,0,729518,146542,0,413879,88036,0,192612,55661,0,35502,38906,0,4785,8265,0,427316,95234,0,494387,84779,0,542412,112084,0,167404,40582
2,2013,'150420000',305,  ,KG,0,48480,8355,0,0,0,0,48480,8355,0,0,0,0,0,0,0,0,0,0,0,0,0,0,0,0,0,0,0,0,0,0,0,0,0,0,0,0,0,0
2,2013,'150420000',407,  ,KG,0,1993340,601233,0,0,0,0,0,0,0,196760,53134,0,346440,108451,0,485070,157221,0,0,0,0,7600,4119,0,62660,19036,0,449870,129127,0,273230,81891,0,149850,43334,0,21860,4920
2,2013,'150420000',409,  ,KG,0,8902190,1357071,0,400900,66418,0,222940,34217,0,478600,75488,0,635780,101478,0,723720,109822,0,123100,20499,0,1674240,216494,0,1114210,175061,0,601830,95545,0,1069970,167245,0,1218100,191305,0,638800,103499
2,2013,'150420000',547,  ,KG,0,11494,2426,0,0,0,0,0,0,0,0,0,0,0,0,0,0,0,0,0,0,0,11494,2426,0,0,0,0,0,0,0,0,0,0,0,0,0,0,0
2,2013,'150420000',551,  ,KG,0,213880,35470,0,0,0,0,0,0,0,0,0,0,0,0,0,21500,3515,0,106800,17861,0,85580,14094,0,0,0,0,0,0,0,0,0,0,0,0,0,0,0
2,2013,'150430090',201,  ,KG,0,63025,77760,0,10918,15060,0,0,0,0,0,0,0,0,0,0,0,0,0,52107,62700,0,0,0,0,0,0,0,0,0,0,0,0,0,0,0,0,0,0
2,2013,'150430090',202,  ,KG,0,3913,4527,0,0,0,0,0,0,0,25,637,0,0,0,0,0,0,0,0,0,0,3863,3253,0,0,0,0,0,0,0,0,0,0,0,0,0,25,637
2,2013,'150430090',302,  ,KG,0,6080,6189,0,0,0,0,0,0,0,0,0,0,0,0,0,0,0,0,0,0,0,0,0,0,0,0,0,0,0,0,0,0,0,0,0,0,6080,6189
2,2013,'150500100',105,  ,KG,0,2382449,1715183,0,349600,236254,0,334716,235261,0,197600,142323,0,319547,239209,0,304308,229581,0,273423,213201,0,425600,305224,0,45600,32765,0,45899,29516,0,9756,6127,0,30400,18517,0,46000,27205
2,2013,'150500100',123,  ,KG,0,63393,45083,0,0,0,0,0,0,0,0,0,0,0,0,0,15864,11501,0,15849,11484,0,15858,10976,0,15822,11122,0,0,0,0,0,0,0,0,0,0,0,0
2,2013,'150500100',205,  ,KG,0,67555,47849,0,21006,15081,0,0,0,0,0,0,0,23232,16683,0,0,0,0,23317,16085,0,0,0,0,0,0,0,0,0,0,0,0,0,0,0,0,0,0
2,2013,'150500100',220,  ,KG,0,113995,77905,0,52969,31716,0,15276,11292,0,0,0,0,15274,11117,0,15278,11926,0,15198,11854,0,0,0,0,0,0,0,0,0,0,0,0,0,0,0,0,0,0
2,2013,'150500100',245,  ,KG,0,92160,66549,0,23040,15246,0,0,0,0,0,0,0,0,0,0,0,0,0,0,0,0,23040,17273,0,23040,16842,0,23040,17188,0,0,0,0,0,0,0,0,0
2,2013,'150500100',412,  ,KG,0,173127,123828,0,44494,30671,0,54823,35820,0,0,0,0,29844,22647,0,14706,11700,0,0,0,0,29260,22990,0,0,0,0,0,0,0,0,0,0,0,0,0,0,0
2,2013,'150500100',413,  ,KG,0,59453,29909,0,0,0,0,14803,7424,0,0,0,0,22320,10935,0,0,0,0,0,0,0,0,0,0,0,0,0,22330,11550,0,0,0,0,0,0,0,0,0
2,2013,'150500100',506,  ,KG,0,74180,54411,0,15042,9601,0,0,0,0,0,0,0,30034,22808,0,0,0,0,0,0,0,29104,22002,0,0,0,0,0,0,0,0,0,0,0,0,0,0,0
2,2013,'150500100',601,  ,KG,0,823550,547834,0,60963,33851,0,76181,46359,0,91395,59968,0,45743,27918,0,106628,75045,0,30672,21099,0,76298,52426,0,76235,53293,0,45600,31736,0,91731,61999,0,61050,42024,0,61054,42116
2,2013,'150500100',606,  ,KG,0,221170,164901,0,0,0,0,31324,22976,0,47471,35854,0,15991,12053,0,16076,12534,0,15462,11929,0,15997,12265,0,16000,12794,0,16004,12547,0,15799,10585,0,15600,10522,0,15446,10842
2,2013,'150500200',205,  ,KG,0,92160,67114,0,9720,3417,0,4320,1547,0,10490,5803,0,6300,4536,0,10440,8133,0,22140,17008,0,0,0,0,0,0,0,25560,19863,0,2540,4653,0,0,0,0,650,2154
2,2013,'150500200',213,  ,KG,0,480,1569,0,240,659,0,0,0,0,0,0,0,0,0,0,0,0,0,0,0,0,0,0,0,0,0,0,0,0,0,0,0,0,240,910,0,0,0
2,2013,'150500200',220,  ,KG,0,2040,6579,0,2040,6579,0,0,0,0,0,0,0,0,0,0,0,0,0,0,0,0,0,0,0,0,0,0,0,0,0,0,0,0,0,0,0,0,0
2,2013,'150500200',304,  ,KG,0,380,687,0,0,0,0,0,0,0,0,0,0,0,0,0,0,0,0,0,0,0,0,0,0,0,0,0,0,0,0,0,0,0,380,687,0,0,0
2,2013,'150600000',103,  ,KG,0,100,431,0,0,0,0,0,0,0,0,0,0,0,0,0,0,0,0,0,0,0,100,431,0,0,0,0,0,0,0,0,0,0,0,0,0,0,0
2,2013,'150600000',106,  ,KG,0,7950,70922,0,2584,21970,0,151,1414,0,1504,13103,0,457,3097,0,1180,11303,0,151,1474,0,100,1022,0,1231,11717,0,100,1017,0,151,1455,0,100,1007,0,241,2343
2,2013,'150600000',110,  ,KG,0,348,1485,0,0,0,0,0,0,0,0,0,0,348,1485,0,0,0,0,0,0,0,0,0,0,0,0,0,0,0,0,0,0,0,0,0,0,0,0
2,2013,'150600000',113,  ,KG,0,1856,1882,0,0,0,0,0,0,0,0,0,0,0,0,0,1056,926,0,0,0,0,0,0,0,0,0,0,0,0,0,0,0,0,0,0,0,800,956
2,2013,'150600000',210,  ,KG,0,1050,490,0,0,0,0,0,0,0,0,0,0,0,0,0,0,0,0,1050,490,0,0,0,0,0,0,0,0,0,0,0,0,0,0,0,0,0,0
2,2013,'150600000',211,  ,KG,0,108,1915,0,0,0,0,0,0,0,0,0,0,0,0,0,54,957,0,0,0,0,0,0,0,0,0,0,0,0,0,54,958,0,0,0,0,0,0
2,2013,'150600000',218,  ,KG,0,20,341,0,0,0,0,20,341,0,0,0,0,0,0,0,0,0,0,0,0,0,0,0,0,0,0,0,0,0,0,0,0,0,0,0,0,0,0
2,2013,'150600000',220,  ,KG,0,3692,980,0,0,0,0,0,0,0,744,215,0,0,0,0,0,0,0,0,0,0,853,231,0,0,0,0,809,207,0,0,0,0,1286,327,0,0,0
2,2013,'150600000',302,  ,KG,0,78948,29268,0,8502,3148,0,7065,2330,0,8522,3175,0,7648,3226,0,828,990,0,899,721,0,3720,1451,0,14461,4238,0,6307,2613,0,9785,2840,0,5191,1543,0,6020,2993
2,2013,'150600000',304,  ,KG,0,1192,2196,0,206,1073,0,0,0,0,0,0,0,686,810,0,0,0,0,0,0,0,300,313,0,0,0,0,0,0,0,0,0,0,0,0,0,0,0
2,2013,'150600000',305,  ,KG,0,9320,1996,0,1600,325,0,0,0,0,1920,421,0,0,0,0,1510,327,0,0,0,0,980,211,0,1150,251,0,960,206,0,0,0,0,1200,255,0,0,0
2,2013,'150600000',413,  ,KG,0,10520,1645,0,5000,642,0,0,0,0,4120,483,0,0,0,0,0,0,0,0,0,0,0,0,0,0,0,0,0,0,0,0,0,0,0,0,0,1400,520
2,2013,'150600000',601,  ,KG,0,38,304,0,0,0,0,0,0,0,0,0,0,0,0,0,0,0,0,0,0,0,0,0,0,0,0,0,0,0,0,0,0,0,38,304,0,0,0
2,2013,'150600000',606,  ,KG,0,15,1325,0,0,0,0,6,497,0,0,0,0,0,0,0,6,560,0,0,0,0,0,0,0,0,0,0,0,0,0,0,0,0,3,268,0,0,0
2,2013,'150710100',105,  ,KG,0,24157939,3275083,0,0,0,0,0,0,0,2485710,346040,0,2487169,366741,0,0,0,0,4995493,746132,0,4994910,650879,0,2512769,318700,0,2481707,316535,0,0,0,0,4200181,530056,0,0,0
2,2013,'150710100',106,  ,KG,0,100040,11047,0,0,0,0,0,0,0,0,0,0,0,0,0,0,0,0,0,0,0,100040,11047,0,0,0,0,0,0,0,0,0,0,0,0,0,0,0
2,2013,'150710100',110,  ,KG,0,1400520,171067,0,200080,24095,0,200070,24455,0,119560,14546,0,120210,14684,0,0,0,0,200110,26378,0,200270,25550,0,0,0,0,360220,41359,0,0,0,0,0,0,0,0,0
2,2013,'150710100',113,  ,KG,0,1020580,105890,0,0,0,0,0,0,0,0,0,0,0,0,0,0,0,0,0,0,0,0,0,0,501347,53521,0,0,0,0,519233,52369,0,0,0,0,0,0
2,2013,'150710100',304,  ,KG,0,2296652,481059,0,489928,134351,0,0,0,0,502467,60755,0,0,0,0,489159,109245,0,0,0,0,410774,87754,0,0,0,0,0,0,0,0,0,0,403908,88474,0,416,480
2,2013,'150710100',413,  ,KG,0,997581,114690,0,0,0,0,0,0,0,0,0,0,0,0,0,0,0,0,499785,62175,0,0,0,0,0,0,0,0,0,0,0,0,0,497796,52515,0,0,0
2,2013,'150710200',105,  ,KG,0,578,836,0,0,0,0,0,0,0,0,0,0,0,0,0,0,0,0,141,203,0,0,0,0,0,0,0,0,0,0,0,0,0,155,220,0,282,413
2,2013,'150710200',106,  ,KG,0,35640,5238,0,0,0,0,0,0,0,0,0,0,0,0,0,0,0,0,0,0,0,17820,2645,0,0,0,0,17820,2593,0,0,0,0,0,0,0,0,0
2,2013,'150710200',304,  ,KG,0,915,241,0,915,241,0,0,0,0,0,0,0,0,0,0,0,0,0,0,0,0,0,0,0,0,0,0,0,0,0,0,0,0,0,0,0,0,0
2,2013,'150790000',103,  ,KG,0,292515,45152,0,35640,5483,0,16500,2419,0,0,0,0,45963,6994,0,29463,4484,0,11643,2032,0,28143,4405,0,34320,5152,0,0,0,0,28143,4227,0,47850,7549,0,14850,2407
2,2013,'150790000',105,  ,KG,0,40949,5619,0,0,0,0,0,0,0,0,0,0,0,0,0,0,0,0,0,0,0,0,0,0,0,0,0,0,0,0,20506,2813,0,0,0,0,20443,2806
2,2013,'150790000',106,  ,KG,0,7269272,990905,0,714581,97610,0,445582,62145,0,697026,98956,0,588142,84016,0,780598,110639,0,552552,77233,0,590263,78588,0,605929,80104,0,516861,67957,0,519515,68133,0,545374,70768,0,712849,94756
2,2013,'150790000',108,  ,KG,0,2039,423,0,0,0,0,0,0,0,0,0,0,0,0,0,0,0,0,2039,423,0,0,0,0,0,0,0,0,0,0,0,0,0,0,0,0,0,0
2,2013,'150790000',110,  ,KG,0,31370,4241,0,16010,2097,0,15360,2144,0,0,0,0,0,0,0,0,0,0,0,0,0,0,0,0,0,0,0,0,0,0,0,0,0,0,0,0,0,0
2,2013,'150790000',111,  ,KG,0,420600,69332,0,66920,9869,0,77500,11759,0,20060,3312,0,20000,3361,0,48570,8929,0,40090,7210,0,20080,3486,0,39210,6253,0,0,0,0,47770,8031,0,0,0,0,40400,7122
2,2013,'150790000',112,  ,KG,0,1900,367,0,1900,367,0,0,0,0,0,0,0,0,0,0,0,0,0,0,0,0,0,0,0,0,0,0,0,0,0,0,0,0,0,0,0,0,0
2,2013,'150790000',113,  ,KG,0,980315,122290,0,19890,2403,0,40790,5156,0,59800,7805,0,19980,2463,0,60223,8135,0,19910,2616,0,242929,30672,0,337913,42367,0,59500,7136,0,39840,4499,0,39680,4448,0,39860,4590
2,2013,'150790000',207,  ,KG,0,7360,1729,0,0,0,0,0,0,0,0,0,0,0,0,0,0,0,0,0,0,0,0,0,0,0,0,0,1840,425,0,1840,422,0,1840,428,0,1840,454
2,2013,'150790000',220,  ,KG,0,3700,806,0,0,0,0,0,0,0,0,0,0,0,0,0,2643,572,0,0,0,0,0,0,0,0,0,0,0,0,0,0,0,0,0,0,0,1057,234
2,2013,'150790000',302,  ,KG,0,98770,13751,0,0,0,0,0,0,0,0,0,0,0,0,0,0,0,0,0,0,0,0,0,0,0,0,0,74205,10569,0,0,0,0,0,0,0,24565,3182
2,2013,'150790000',304,  ,KG,0,335355,62253,0,18250,2735,0,47553,8925,0,26190,5301,0,33299,6798,0,40003,7445,0,30107,5518,0,0,0,0,33610,6820,0,0,0,0,44440,8187,0,61903,10524,0,0,0
2,2013,'150810200',105,  ,KG,0,48000,11161,0,0,0,0,0,0,0,0,0,0,16000,4670,0,0,0,0,0,0,0,0,0,0,0,0,0,0,0,0,0,0,0,0,0,0,32000,6491
2,2013,'150810200',304,  ,KG,0,92532,26577,0,0,0,0,0,0,0,30844,9723,0,0,0,0,0,0,0,0,0,0,30844,8225,0,0,0,0,30844,8629,0,0,0,0,0,0,0,0,0
2,2013,'150890000',105,  ,KG,0,74350,23348,0,0,0,0,0,0,0,7220,2627,0,10166,3659,0,10157,3866,0,0,0,0,6992,2654,0,0,0,0,16000,4096,0,7815,2624,0,0,0,0,16000,3822
2,2013,'150890000',108,  ,KG,0,11713,5335,0,0,0,0,1174,542,0,0,0,0,0,0,0,0,0,0,9719,4372,0,0,0,0,0,0,0,0,0,0,820,421,0,0,0,0,0,0
2,2013,'150890000',112,  ,KG,0,246327,87414,0,40986,13553,0,0,0,0,40986,14870,0,15360,4427,0,0,0,0,40986,15764,0,0,0,0,6552,2406,0,40986,15846,0,19485,5558,0,0,0,0,40986,14990
2,2013,'150890000',205,  ,KG,0,5379,4025,0,828,593,0,0,0,0,0,0,0,2067,1508,0,0,0,0,828,636,0,0,0,0,0,0,0,1656,1288,0,0,0,0,0,0,0,0,0
2,2013,'150890000',210,  ,KG,0,42199,26133,0,9255,4768,0,1316,871,0,0,0,0,741,562,0,5371,3390,0,5549,3378,0,1395,987,0,4150,3152,0,2630,1538,0,3726,2036,0,1181,1036,0,6885,4415
2,2013,'150890000',213,  ,KG,0,81,746,0,0,0,0,0,0,0,36,312,0,0,0,0,0,0,0,0,0,0,0,0,0,0,0,0,0,0,0,0,0,0,0,0,0,45,434
2,2013,'150890000',220,  ,KG,0,6332,2323,0,0,0,0,1850,666,0,0,0,0,0,0,0,2643,994,0,0,0,0,925,339,0,0,0,0,0,0,0,0,0,0,0,0,0,914,324
2,2013,'150890000',304,  ,KG,0,46266,14661,0,0,0,0,0,0,0,0,0,0,0,0,0,15422,5077,0,15422,5248,0,15422,4336,0,0,0,0,0,0,0,0,0,0,0,0,0,0,0
2,2013,'150910000',143,  ,KG,0,36573,36155,0,0,0,0,1413,1155,0,0,0,0,4250,4416,0,27634,26174,0,200,349,0,368,378,0,560,722,0,0,0,0,0,0,0,0,0,0,2148,2961
2,2013,'150910000',144,  ,KG,0,3619,4343,0,0,0,0,669,986,0,661,393,0,1318,2395,0,0,0,0,0,0,0,971,569,0,0,0,0,0,0,0,0,0,0,0,0,0,0,0
2,2013,'150910000',146,  ,KG,0,5389,12683,0,0,0,0,3338,7467,0,0,0,0,0,0,0,0,0,0,0,0,0,0,0,0,0,0,0,0,0,0,0,0,0,1729,4672,0,322,544
2,2013,'150910000',158,  ,KG,0,6851,10143,0,0,0,0,274,404,0,1145,2031,0,1888,1756,0,0,0,0,0,0,0,0,0,0,2399,4117,0,0,0,0,1145,1835,0,0,0,0,0,0
2,2013,'150910000',205,  ,KG,0,8694,7167,0,2898,2254,0,0,0,0,0,0,0,0,0,0,0,0,0,2484,2074,0,0,0,0,0,0,0,2070,1748,0,0,0,0,1242,1091,0,0,0
2,2013,'150910000',210,  ,KG,0,49023,80813,0,8199,6245,0,2143,4626,0,1484,2987,0,3670,8483,0,3682,6177,0,1291,3410,0,6296,10352,0,2682,4047,0,1837,4816,0,2843,6888,0,3504,4943,0,11392,17839
2,2013,'150910000',213,  ,KG,0,570,366,0,0,0,0,0,0,0,0,0,0,0,0,0,0,0,0,0,0,0,570,366,0,0,0,0,0,0,0,0,0,0,0,0,0,0,0
2,2013,'150910000',215,  ,KG,0,2649,3194,0,0,0,0,1391,1510,0,0,0,0,0,0,0,1258,1684,0,0,0,0,0,0,0,0,0,0,0,0,0,0,0,0,0,0,0,0,0
2,2013,'150910000',217,  ,KG,0,25405,31645,0,4743,4981,0,420,650,0,2073,2546,0,1406,1512,0,1147,2107,0,0,0,0,9511,13353,0,1080,1130,0,0,0,0,915,803,0,2879,3814,0,1231,749
2,2013,'150910000',218,  ,KG,0,16563740,7713605,0,1482133,557857,0,950215,404179,0,1596017,675325,0,1297305,574147,0,1359192,661424,0,1262606,632829,0,1734773,803980,0,1683729,812541,0,1484972,706741,0,1629668,794557,0,1007877,549982,0,1075253,540043
2,2013,'150910000',220,  ,KG,0,16723131,10978332,0,1260023,675629,0,1264831,691161,0,1233184,723689,0,1359661,882679,0,1625626,1080626,0,1451722,940653,0,1385126,998416,0,1596316,995859,0,1360360,955556,0,1148562,817108,0,1494790,1108981,0,1542930,1107975
2,2013,'150910000',230,  ,KG,0,596356,381901,0,40377,21907,0,31453,19509,0,25362,16535,0,45596,29473,0,65175,40375,0,66455,38260,0,59359,35408,0,39082,30108,0,84981,59447,0,28584,20767,0,64199,35886,0,45733,34226
2,2013,'150910000',234,  ,KG,0,2983334,1117842,0,192178,54016,0,94812,26106,0,60289,23944,0,205024,76570,0,399429,157317,0,395599,150925,0,170285,58399,0,395258,151471,0,288351,111713,0,324656,125503,0,288351,116314,0,169102,65564
2,2013,'150910000',241,  ,KG,0,1165,3255,0,0,0,0,0,0,0,0,0,0,66,254,0,640,778,0,126,725,0,0,0,0,0,0,0,0,0,0,0,0,0,0,0,0,333,1498
2,2013,'150910000',304,  ,KG,0,37123,41468,0,7982,8654,0,2457,3393,0,5981,5674,0,0,0,0,0,0,0,9972,9719,0,1806,2698,0,1290,1339,0,0,0,0,0,0,0,1901,4137,0,5734,5854
2,2013,'150910000',409,  ,KG,0,132549,100241,0,13239,8803,0,5040,3155,0,30580,18909,0,1397,1034,0,17651,11306,0,16974,16531,0,19979,11499,0,9732,8953,0,5313,3733,0,1697,1439,0,0,0,0,10947,14879
2,2013,'150910000',412,  ,KG,0,788,775,0,0,0,0,0,0,0,0,0,0,200,215,0,0,0,0,0,0,0,0,0,0,0,0,0,588,560,0,0,0,0,0,0,0,0,0
2,2013,'150910000',413,  ,KG,0,116107,62932,0,0,0,0,0,0,0,3830,1871,0,18002,9730,0,9966,5383,0,21003,11730,0,9576,4440,0,9576,4261,0,10956,6202,0,20993,11744,0,10825,5926,0,1380,1645
2,2013,'150910000',501,  ,KG,0,2586,4700,0,0,0,0,0,0,0,0,0,0,741,1343,0,0,0,0,796,1753,0,0,0,0,126,235,0,0,0,0,923,1369,0,0,0,0,0,0
2,2013,'150910000',504,  ,KG,0,82152,48719,0,9336,4776,0,0,0,0,9240,4604,0,9900,4145,0,5145,4001,0,3650,1994,0,11732,8511,0,17688,9421,0,0,0,0,4941,4578,0,3109,2083,0,7411,4606
2,2013,'150910000',506,  ,KG,0,698,1031,0,698,1031,0,0,0,0,0,0,0,0,0,0,0,0,0,0,0,0,0,0,0,0,0,0,0,0,0,0,0,0,0,0,0,0,0
2,2013,'150910000',601,  ,KG,0,55115,78338,0,180,262,0,164,205,0,0,0,0,375,290,0,1280,1363,0,2193,5002,0,6277,5835,0,1264,1708,0,35622,54838,0,180,313,0,1000,2387,0,6580,6135
2,2013,'150910000',606,  ,KG,0,2156,5781,0,0,0,0,0,0,0,261,704,0,0,0,0,0,0,0,819,2492,0,0,0,0,0,0,0,646,1609,0,0,0,0,0,0,0,430,976
2,2013,'150990000',143,  ,KG,0,149,424,0,0,0,0,0,0,0,0,0,0,149,424,0,0,0,0,0,0,0,0,0,0,0,0,0,0,0,0,0,0,0,0,0,0,0,0
2,2013,'150990000',205,  ,KG,0,2484,1872,0,0,0,0,0,0,0,0,0,0,828,588,0,0,0,0,0,0,0,0,0,0,0,0,0,828,629,0,0,0,0,828,655,0,0,0
2,2013,'150990000',207,  ,KG,0,3800,2322,0,0,0,0,1140,754,0,0,0,0,2660,1568,0,0,0,0,0,0,0,0,0,0,0,0,0,0,0,0,0,0,0,0,0,0,0,0
2,2013,'150990000',210,  ,KG,0,7837,6395,0,0,0,0,359,708,0,0,0,0,229,653,0,876,415,0,0,0,0,720,633,0,0,0,0,0,0,0,0,0,0,0,0,0,5653,3986
2,2013,'150990000',217,  ,KG,0,4449,3182,0,0,0,0,0,0,0,2099,2043,0,1612,718,0,0,0,0,0,0,0,0,0,0,0,0,0,0,0,0,0,0,0,0,0,0,738,421
2,2013,'150990000',218,  ,KG,0,6004747,2434952,0,278665,101377,0,650558,235154,0,410039,153358,0,687442,261625,0,447018,194774,0,361422,156001,0,833852,351344,0,628611,258939,0,396423,179743,0,565722,226950,0,570944,243222,0,174051,72465
2,2013,'150990000',220,  ,KG,0,6975486,3360677,0,660566,252927,0,402416,162801,0,460954,190335,0,669371,312883,0,762935,395413,0,526796,278975,0,604273,344106,0,583511,282154,0,636237,317759,0,454427,221016,0,642650,313089,0,571350,289219
2,2013,'150990000',230,  ,KG,0,2203,1477,0,0,0,0,0,0,0,476,395,0,0,0,0,429,227,0,840,579,0,0,0,0,0,0,0,0,0,0,458,276,0,0,0,0,0,0
2,2013,'150990000',234,  ,KG,0,705610,236932,0,54236,14880,0,18200,5962,0,120013,37113,0,56054,18504,0,68213,25516,0,56292,18757,0,76236,25405,0,80396,29631,0,0,0,0,91306,28912,0,48284,18363,0,36380,13889
2,2013,'150990000',504,  ,KG,0,6435,2883,0,0,0,0,0,0,0,0,0,0,0,0,0,0,0,0,0,0,0,0,0,0,0,0,0,0,0,0,0,0,0,0,0,0,6435,2883
2,2013,'151000000',218,  ,KG,0,1014874,295310,0,56993,14018,0,29724,6618,0,32507,6861,0,14150,4515,0,26242,7286,0,48924,13858,0,143068,41969,0,94115,29057,0,127432,37849,0,90377,28204,0,127422,37150,0,223920,67925
2,2013,'151000000',220,  ,KG,0,1635359,469722,0,180436,41678,0,137889,33770,0,187564,48790,0,96719,29458,0,226586,72976,0,236751,75768,0,109203,31980,0,133240,40387,0,104056,31795,0,42868,13394,0,112886,31547,0,67161,18179
2,2013,'151000000',230,  ,KG,0,6686,2075,0,0,0,0,0,0,0,0,0,0,0,0,0,0,0,0,0,0,0,6686,2075,0,0,0,0,0,0,0,0,0,0,0,0,0,0,0
2,2013,'151000000',504,  ,KG,0,7704,2706,0,0,0,0,0,0,0,0,0,0,0,0,0,0,0,0,0,0,0,0,0,0,6270,2332,0,0,0,0,0,0,0,1434,374,0,0,0
2,2013,'151110000',113,  ,KG,0,9578752,822738,0,0,0,0,0,0,0,0,0,0,1024306,89424,0,2242499,203254,0,0,0,0,0,0,0,2036760,167059,0,0,0,0,2037462,168560,0,0,0,0,2237725,194441
2,2013,'151190010',113,  ,KG,0,22990930,1856685,0,2417170,189916,0,2431792,184101,0,1384013,110907,0,2141580,172355,0,1849019,155450,0,1356538,113429,0,2202781,185124,0,2178944,173208,0,1606825,130156,0,1830323,145173,0,1753605,143777,0,1838340,153089
2,2013,'151190010',118,  ,KG,0,5900346,467236,0,58350,5536,0,0,0,0,645111,47386,0,679090,51433,0,515768,43701,0,495265,41422,0,693876,58227,0,824038,64870,0,548868,40604,0,534692,41292,0,365209,29641,0,540079,43124
2,2013,'151190090',111,  ,KG,0,13056,1679,0,0,0,0,0,0,0,0,0,0,0,0,0,0,0,0,0,0,0,13056,1679,0,0,0,0,0,0,0,0,0,0,0,0,0,0,0
2,2013,'151190090',112,  ,KG,0,1499685,201639,0,17280,2238,0,527757,64827,0,20880,2190,0,248321,23450,0,300513,48307,0,17280,2732,0,1700,286,0,314114,49574,0,17280,2604,0,0,0,0,17280,2581,0,17280,2850
2,2013,'151190090',113,  ,KG,0,470095489,41702802,0,39303084,3477029,0,41376541,3577368,0,37937297,3489863,0,41094254,3694178,0,35627011,3349130,0,36929493,3343481,0,43298799,3955498,0,37129216,3253429,0,36346985,3147300,0,41413280,3452632,0,31980674,2750648,0,47658855,4212246
2,2013,'151190090',118,  ,KG,0,80659704,7342057,0,3484817,328261,0,7346998,676313,0,6560195,589579,0,6628533,589709,0,7552369,708451,0,10249917,968338,0,8796979,820331,0,1416048,116203,0,5457802,482016,0,5588127,492491,0,8518142,735131,0,9059777,835234
2,2013,'151190090',205,  ,KG,0,840,302,0,0,0,0,0,0,0,0,0,0,0,0,0,0,0,0,0,0,0,0,0,0,0,0,0,0,0,0,0,0,0,840,302,0,0,0
2,2013,'151190090',401,  ,KG,0,247631,50822,0,21600,2856,0,30240,6404,0,30645,5345,0,21600,2892,0,34200,6799,0,11750,3942,0,42156,9179,0,8640,3143,0,21600,3724,0,12600,3177,0,0,0,0,12600,3361
2,2013,'151211110',111,  ,KG,0,303060,62842,0,0,0,0,0,0,0,0,0,0,0,0,0,303060,62842,0,0,0,0,0,0,0,0,0,0,0,0,0,0,0,0,0,0,0,0,0
2,2013,'151211110',210,  ,KG,0,2468460,392012,0,18640,3063,0,103020,14765,0,222320,34276,0,0,0,0,409640,66159,0,306380,48819,0,385340,63720,0,81620,12887,0,347000,55310,0,594500,93013,0,0,0,0,0,0
2,2013,'151211110',218,  ,KG,0,1765,451,0,0,0,0,0,0,0,0,0,0,0,0,0,0,0,0,0,0,0,0,0,0,0,0,0,0,0,0,0,0,0,1765,451,0,0,0
2,2013,'151211110',224,  ,KG,0,43300,6976,0,0,0,0,0,0,0,0,0,0,0,0,0,0,0,0,0,0,0,0,0,0,0,0,0,0,0,0,43300,6976,0,0,0,0,0,0
2,2013,'151211110',238,  ,KG,0,646160,98370,0,0,0,0,0,0,0,0,0,0,0,0,0,0,0,0,128260,19596,0,0,0,0,0,0,0,517900,78774,0,0,0,0,0,0,0,0,0
2,2013,'151211110',304,  ,KG,0,2994418,512214,0,0,0,0,0,0,0,997989,171240,0,0,0,0,0,0,0,0,0,0,996749,168433,0,0,0,0,999680,172541,0,0,0,0,0,0,0,0,0
2,2013,'151211110',413,  ,KG,0,5385665,860501,0,657119,112279,0,1139641,172886,0,711698,108551,0,523573,85473,0,0,0,0,0,0,0,0,0,0,0,0,0,0,0,0,0,0,0,1186421,187111,0,1167213,194201
2,2013,'151211120',210,  ,KG,0,588,577,0,0,0,0,0,0,0,0,0,0,0,0,0,0,0,0,0,0,0,0,0,0,0,0,0,0,0,0,196,234,0,0,0,0,392,343
2,2013,'151211120',218,  ,KG,0,4950,1102,0,3847,813,0,0,0,0,0,0,0,0,0,0,0,0,0,0,0,0,0,0,0,0,0,0,1103,289,0,0,0,0,0,0,0,0,0
2,2013,'151211120',234,  ,KG,0,1747,329,0,0,0,0,0,0,0,1747,329,0,0,0,0,0,0,0,0,0,0,0,0,0,0,0,0,0,0,0,0,0,0,0,0,0,0,0
2,2013,'151211120',304,  ,KG,0,1155,1032,0,385,321,0,385,360,0,385,351,0,0,0,0,0,0,0,0,0,0,0,0,0,0,0,0,0,0,0,0,0,0,0,0,0,0,0
2,2013,'151211210',304,  ,KG,0,9596622,1828461,0,509486,83871,0,508309,89033,0,1518639,278779,0,0,0,0,2424422,471579,0,61336,13892,0,2409885,474303,0,0,0,0,248978,49448,0,500623,97055,0,1414944,270501,0,0,0
2,2013,'151211210',305,  ,KG,0,484300,103662,0,0,0,0,0,0,0,0,0,0,0,0,0,0,0,0,0,0,0,361400,76360,0,0,0,0,122900,27302,0,0,0,0,0,0,0,0,0
2,2013,'151211220',304,  ,KG,0,1116359,212322,0,459938,85162,0,0,0,0,405710,77395,0,0,0,0,0,0,0,0,0,0,0,0,0,0,0,0,0,0,0,250711,49765,0,0,0,0,0,0
2,2013,'151219010',105,  ,KG,0,950,301,0,0,0,0,0,0,0,0,0,0,0,0,0,0,0,0,0,0,0,950,301,0,0,0,0,0,0,0,0,0,0,0,0,0,0,0
2,2013,'151219010',113,  ,KG,0,85010,11568,0,1520,289,0,0,0,0,0,0,0,41850,5907,0,0,0,0,0,0,0,0,0,0,0,0,0,0,0,0,0,0,0,41640,5372,0,0,0
2,2013,'151219010',210,  ,KG,0,399101,80327,0,27607,9105,0,0,0,0,40980,6978,0,0,0,0,1944,518,0,20305,3593,0,7286,2599,0,20140,3372,0,123221,23815,0,60845,10246,0,96028,19854,0,745,247
2,2013,'151219010',215,  ,KG,0,1224,652,0,0,0,0,0,0,0,0,0,0,0,0,0,612,318,0,0,0,0,0,0,0,0,0,0,0,0,0,612,334,0,0,0,0,0,0
2,2013,'151219010',218,  ,KG,0,1228546,201866,0,63435,9645,0,40080,6124,0,61040,9900,0,161443,27899,0,43627,7439,0,40140,6635,0,143160,23891,0,98243,16657,0,147135,23200,0,122100,19270,0,124640,22584,0,183503,28622
2,2013,'151219010',220,  ,KG,0,432088,78595,0,31747,5151,0,31711,5393,0,31883,5720,0,24842,4410,0,78392,15115,0,15771,2977,0,34991,6546,0,56828,10509,0,56932,10508,0,34294,6369,0,33640,5662,0,1057,235
2,2013,'151219010',224,  ,KG,0,9419,1889,0,0,0,0,0,0,0,0,0,0,0,0,0,9419,1889,0,0,0,0,0,0,0,0,0,0,0,0,0,0,0,0,0,0,0,0,0
2,2013,'151219010',234,  ,KG,0,738180,111772,0,75566,11106,0,218481,30861,0,126546,18430,0,18345,3182,0,15724,2670,0,96532,15679,0,20740,3065,0,58139,9371,0,70761,11182,0,37346,6226,0,0,0,0,0,0
2,2013,'151219010',304,  ,KG,0,60396,33869,0,0,0,0,5656,4006,0,0,0,0,3992,3569,0,0,0,0,2800,2203,0,238,895,0,22280,9345,0,158,1197,0,238,845,0,2766,2094,0,22268,9715
2,2013,'151219010',413,  ,KG,0,1605905,281758,0,164730,26924,0,0,0,0,230185,39039,0,290979,50088,0,49016,9548,0,203957,38036,0,206900,36862,0,148778,26748,0,62190,10930,0,62340,10911,0,186830,32672,0,0,0
2,2013,'151219090',304,  ,KG,0,10687,18006,0,1328,5568,0,1714,778,0,0,0,0,1544,6474,0,1714,848,0,0,0,0,0,0,0,1714,818,0,690,2278,0,0,0,0,0,0,0,1983,1242
2,2013,'151219090',601,  ,KG,0,52124,23897,0,33924,15205,0,0,0,0,0,0,0,0,0,0,18200,8692,0,0,0,0,0,0,0,0,0,0,0,0,0,0,0,0,0,0,0,0,0
2,2013,'151229090',234,  ,KG,0,400800,61584,0,0,0,0,0,0,0,0,0,0,0,0,0,201240,31407,0,0,0,0,0,0,0,0,0,0,180060,27183,0,19500,2994,0,0,0,0,0,0
2,2013,'151229090',304,  ,KG,0,101006,14208,0,0,0,0,0,0,0,0,0,0,0,0,0,0,0,0,0,0,0,101006,14208,0,0,0,0,0,0,0,0,0,0,0,0,0,0,0
2,2013,'151229090',601,  ,KG,0,3342539,405526,0,0,0,0,1642015,200267,0,0,0,0,0,0,0,0,0,0,0,0,0,0,0,0,0,0,0,1539884,185294,0,0,0,0,0,0,0,160640,19965
2,2013,'151311000',111,  ,KG,0,16323,12562,0,0,0,0,0,0,0,0,0,0,0,0,0,1008,701,0,0,0,0,3528,2570,0,4320,2618,0,3270,1912,0,0,0,0,666,781,0,3531,3980
2,2013,'151311000',117,  ,KG,0,16732,15233,0,336,363,0,875,682,0,194,595,0,0,0,0,3496,3286,0,0,0,0,2149,2785,0,2590,1552,0,3660,2080,0,3160,3366,0,0,0,0,272,524
2,2013,'151311000',118,  ,KG,0,2322,1970,0,0,0,0,540,421,0,0,0,0,0,0,0,0,0,0,0,0,0,432,366,0,486,426,0,0,0,0,0,0,0,432,394,0,432,363
2,2013,'151311000',123,  ,KG,0,445,279,0,0,0,0,0,0,0,0,0,0,0,0,0,0,0,0,0,0,0,445,279,0,0,0,0,0,0,0,0,0,0,0,0,0,0,0
2,2013,'151311000',125,  ,KG,0,540,405,0,0,0,0,0,0,0,0,0,0,0,0,0,540,405,0,0,0,0,0,0,0,0,0,0,0,0,0,0,0,0,0,0,0,0,0
2,2013,'151311000',304,  ,KG,0,509,606,0,0,0,0,0,0,0,0,0,0,0,0,0,162,205,0,0,0,0,0,0,0,0,0,0,0,0,0,347,401,0,0,0,0,0,0
2,2013,'151311000',601,  ,KG,0,460,1098,0,115,284,0,0,0,0,0,0,0,0,0,0,0,0,0,115,291,0,230,523,0,0,0,0,0,0,0,0,0,0,0,0,0,0,0
2,2013,'151311000',613,  ,KG,0,230,534,0,0,0,0,0,0,0,0,0,0,0,0,0,0,0,0,0,0,0,0,0,0,0,0,0,0,0,0,0,0,0,0,0,0,230,534
2,2013,'151319000',111,  ,KG,0,4006,4356,0,0,0,0,600,644,0,0,0,0,0,0,0,0,0,0,0,0,0,0,0,0,1669,1384,0,0,0,0,128,243,0,1062,1515,0,547,570
2,2013,'151319000',112,  ,KG,0,22315,3271,0,0,0,0,0,0,0,0,0,0,600,290,0,0,0,0,0,0,0,0,0,0,0,0,0,0,0,0,600,310,0,0,0,0,21115,2671
2,2013,'151319000',113,  ,KG,0,2004565,214950,0,7200,697,0,277603,25934,0,0,0,0,150588,13147,0,264,586,0,0,0,0,227181,21880,0,148993,13811,0,0,0,0,200272,19850,0,200774,19692,0,791690,99353
2,2013,'151319000',117,  ,KG,0,37996647,3507387,0,2853490,256243,0,3143529,271665,0,3842429,339455,0,4436776,388278,0,2849520,265745,0,1893067,169061,0,4699684,411612,0,2106125,198531,0,4748507,453578,0,4206471,399177,0,2711428,294402,0,505621,59640
2,2013,'151319000',118,  ,KG,0,1996537,308612,0,0,0,0,0,0,0,0,0,0,0,0,0,0,0,0,0,0,0,0,0,0,0,0,0,0,0,0,0,0,0,0,0,0,1996537,308612
2,2013,'151319000',125,  ,KG,0,2268,2566,0,1190,1559,0,0,0,0,0,0,0,0,0,0,0,0,0,0,0,0,0,0,0,0,0,0,0,0,0,378,307,0,700,700,0,0,0
2,2013,'151319000',304,  ,KG,0,146450,38283,0,0,0,0,29860,10589,0,1178,764,0,20683,4672,0,19050,4808,0,0,0,0,17962,4116,0,0,0,0,17803,4140,0,21952,4883,0,0,0,0,17962,4311
2,2013,'151319000',619,  ,KG,0,145,279,0,0,0,0,0,0,0,145,279,0,0,0,0,0,0,0,0,0,0,0,0,0,0,0,0,0,0,0,0,0,0,0,0,0,0,0
2,2013,'151329100',113,  ,KG,0,73456080,6834324,0,5332315,512566,0,7523003,706487,0,9990274,825276,0,5864819,524362,0,5144621,478150,0,4851591,443475,0,6460398,596037,0,6303876,568244,0,4175298,389681,0,6146092,579888,0,4352893,428412,0,7310900,781746
2,2013,'151329100',118,  ,KG,0,20696200,1886372,0,493389,41927,0,1038705,85699,0,1400970,116908,0,1595861,134585,0,2138104,203123,0,1292525,117343,0,1820819,167186,0,1579777,147036,0,1442280,130842,0,2848301,266714,0,1977877,178174,0,3067592,296835
2,2013,'151411100',147,  ,KG,0,926660,114172,0,0,0,0,209460,24383,0,0,0,0,0,0,0,209320,26858,0,0,0,0,0,0,0,0,0,0,256660,32178,0,251220,30753,0,0,0,0,0,0
2,2013,'151411100',302,  ,KG,0,4144817,487392,0,1185910,140674,0,368584,43780,0,1015066,127093,0,0,0,0,0,0,0,0,0,0,0,0,0,0,0,0,306519,36131,0,0,0,0,1268738,139714,0,0,0
2,2013,'151411100',601,  ,KG,0,4590856,585261,0,477520,56882,0,515296,68283,0,0,0,0,238180,32035,0,236480,32361,0,119760,15874,0,783700,100993,0,592920,76641,0,1098640,142125,0,284170,30587,0,0,0,0,244190,29480
2,2013,'151419000',103,  ,KG,0,108627,18561,0,11643,1922,0,8910,1471,0,7920,1307,0,10296,1700,0,11643,1924,0,11643,2104,0,11643,2033,0,11643,2033,0,0,0,0,23286,4067,0,0,0,0,0,0
2,2013,'151419000',106,  ,KG,0,213840,31310,0,0,0,0,0,0,0,17820,2718,0,53460,8377,0,0,0,0,0,0,0,0,0,0,0,0,0,53460,8237,0,17820,2544,0,35640,4632,0,35640,4802
2,2013,'151419000',147,  ,KG,0,48048,7707,0,48048,7707,0,0,0,0,0,0,0,0,0,0,0,0,0,0,0,0,0,0,0,0,0,0,0,0,0,0,0,0,0,0,0,0,0
2,2013,'151419000',213,  ,KG,0,1170,629,0,0,0,0,0,0,0,0,0,0,0,0,0,0,0,0,0,0,0,0,0,0,1170,629,0,0,0,0,0,0,0,0,0,0,0,0
2,2013,'151419000',234,  ,KG,0,25106,3907,0,0,0,0,0,0,0,0,0,0,0,0,0,0,0,0,0,0,0,25106,3907,0,0,0,0,0,0,0,0,0,0,0,0,0,0,0
2,2013,'151419000',302,  ,KG,0,6525257,1044851,0,1069777,161244,0,438256,67257,0,408644,66264,0,387204,59881,0,509773,82897,0,587551,102233,0,401211,71604,0,289717,47478,0,918772,135517,0,424199,72988,0,539479,88222,0,550674,89266
2,2013,'151419000',304,  ,KG,0,34418,8201,0,0,0,0,0,0,0,1905,593,0,13358,2443,0,0,0,0,0,0,0,0,0,0,18103,4485,0,0,0,0,0,0,0,1052,680,0,0,0
2,2013,'151419000',601,  ,KG,0,20340,2683,0,0,0,0,0,0,0,20340,2683,0,0,0,0,0,0,0,0,0,0,0,0,0,0,0,0,0,0,0,0,0,0,0,0,0,0,0
2,2013,'151491100',123,  ,KG,0,6090,1372,0,0,0,0,0,0,0,3295,731,0,0,0,0,0,0,0,0,0,0,2795,641,0,0,0,0,0,0,0,0,0,0,0,0,0,0,0
2,2013,'151491100',210,  ,KG,0,1115940,220812,0,243180,45213,0,0,0,0,0,0,0,261740,51294,0,0,0,0,0,0,0,203380,41717,0,407640,82588,0,0,0,0,0,0,0,0,0,0,0,0
2,2013,'151491100',302,  ,KG,0,1604724,273816,0,437123,70230,0,0,0,0,586373,102989,0,0,0,0,0,0,0,0,0,0,581228,100597,0,0,0,0,0,0,0,0,0,0,0,0,0,0,0
2,2013,'151491100',304,  ,KG,0,303719,62149,0,0,0,0,161689,31055,0,0,0,0,0,0,0,0,0,0,0,0,0,0,0,0,0,0,0,0,0,0,0,0,0,0,0,0,142030,31094
2,2013,'151491100',601,  ,KG,0,18980,3327,0,0,0,0,0,0,0,0,0,0,0,0,0,18980,3327,0,0,0,0,0,0,0,0,0,0,0,0,0,0,0,0,0,0,0,0,0
2,2013,'151499000',123,  ,KG,0,1320,344,0,0,0,0,0,0,0,0,0,0,0,0,0,0,0,0,0,0,0,0,0,0,1320,344,0,0,0,0,0,0,0,0,0,0,0,0
2,2013,'151499000',205,  ,KG,0,40600,10925,0,0,0,0,0,0,0,20620,5364,0,19980,5561,0,0,0,0,0,0,0,0,0,0,0,0,0,0,0,0,0,0,0,0,0,0,0,0
2,2013,'151499000',213,  ,KG,0,639120,159459,0,43500,10388,0,62640,16387,0,21680,5383,0,85160,22032,0,41500,11825,0,43960,11866,0,40980,11742,0,62560,16482,0,65300,16157,0,84940,18909,0,43580,8753,0,43320,9535
2,2013,'151511000',215,  ,KG,0,2884,5074,0,0,0,0,414,683,0,0,0,0,0,0,0,397,675,0,417,740,0,828,1452,0,0,0,0,0,0,0,828,1524,0,0,0,0,0,0
2,2013,'151511000',302,  ,KG,0,21031,33384,0,714,1108,0,3182,4476,0,714,1210,0,1070,1889,0,1190,2189,0,2687,4166,0,714,1287,0,1406,2266,0,1425,2500,0,2892,3969,0,2100,3731,0,2937,4593
2,2013,'151511000',304,  ,KG,0,28633,52277,0,5101,7859,0,0,0,0,680,1294,0,1261,2530,0,4396,7454,0,1281,2893,0,4537,8426,0,0,0,0,2609,5248,0,3413,6066,0,750,1882,0,4605,8625
2,2013,'151511000',601,  ,KG,0,1800,4889,0,0,0,0,0,0,0,600,1678,0,0,0,0,0,0,0,0,0,0,600,1602,0,0,0,0,0,0,0,0,0,0,0,0,0,600,1609
2,2013,'151511000',606,  ,KG,0,83143,125698,0,0,0,0,1472,1931,0,4246,6303,0,6725,10795,0,4143,6651,0,6726,10416,0,7146,10057,0,8406,12619,0,9293,14297,0,8909,14232,0,3645,4715,0,22432,33682
2,2013,'151519000',103,  ,KG,0,247,288,0,0,0,0,0,0,0,247,288,0,0,0,0,0,0,0,0,0,0,0,0,0,0,0,0,0,0,0,0,0,0,0,0,0,0,0
2,2013,'151519000',208,  ,KG,0,69860,10583,0,0,0,0,0,0,0,0,0,0,0,0,0,15200,2264,0,0,0,0,17100,2748,0,0,0,0,0,0,0,15200,2425,0,0,0,0,22360,3146
2,2013,'151519000',213,  ,KG,0,1179900,185350,0,248480,35689,0,135220,20780,0,82700,12682,0,179760,27999,0,30400,5189,0,0,0,0,0,0,0,30400,5062,0,172020,28780,0,157720,25848,0,90220,14485,0,52980,8836
2,2013,'151519000',220,  ,KG,0,1957,2005,0,0,0,0,0,0,0,0,0,0,1957,2005,0,0,0,0,0,0,0,0,0,0,0,0,0,0,0,0,0,0,0,0,0,0,0,0
2,2013,'151519000',302,  ,KG,0,82030,50448,0,0,0,0,1296,2625,0,842,1260,0,0,0,0,360,448,0,19000,9737,0,488,868,0,0,0,0,19110,10472,0,20904,13195,0,548,976,0,19482,10867
2,2013,'151519000',304,  ,KG,0,2843665,452604,0,1091532,163849,0,63504,10405,0,41713,7049,0,104436,17540,0,605088,99598,0,0,0,0,502837,83611,0,125402,20334,0,20648,3535,0,143707,23202,0,82782,13283,0,62016,10198
2,2013,'151519000',601,  ,KG,0,180,536,0,0,0,0,0,0,0,0,0,0,0,0,0,180,536,0,0,0,0,0,0,0,0,0,0,0,0,0,0,0,0,0,0,0,0,0
2,2013,'151519000',606,  ,KG,0,5959,8476,0,0,0,0,0,0,0,1004,1188,0,2380,3278,0,195,694,0,1190,1696,0,0,0,0,1190,1620,0,0,0,0,0,0,0,0,0,0,0,0
2,2013,'151529000',103,  ,KG,0,2475,502,0,0,0,0,2475,502,0,0,0,0,0,0,0,0,0,0,0,0,0,0,0,0,0,0,0,0,0,0,0,0,0,0,0,0,0,0
2,2013,'151529000',210,  ,KG,0,128200,37864,0,10000,2545,0,11400,3045,0,10800,2844,0,12200,3063,0,13400,6677,0,12800,3549,0,9000,2518,0,20000,5467,0,6200,1750,0,10000,2895,0,12400,3511,0,0,0
2,2013,'151529000',220,  ,KG,0,3700,873,0,0,0,0,0,0,0,0,0,0,0,0,0,2643,620,0,0,0,0,0,0,0,0,0,0,0,0,0,0,0,0,0,0,0,1057,253
2,2013,'151530000',118,  ,KG,0,68790,8812,0,32040,4036,0,0,0,0,0,0,0,16000,2179,0,0,0,0,0,0,0,0,0,0,0,0,0,0,0,0,20750,2597,0,0,0,0,0,0
2,2013,'151530000',123,  ,KG,0,15402959,2066394,0,1861210,229091,0,826070,113290,0,1068580,147980,0,1255866,179284,0,943280,137474,0,1293350,183221,0,1197330,161229,0,1658260,218108,0,2728273,367046,0,769365,97728,0,719775,92149,0,1081600,139794
2,2013,'151530000',205,  ,KG,0,4000,3398,0,0,0,0,0,0,0,0,0,0,4000,3398,0,0,0,0,0,0,0,0,0,0,0,0,0,0,0,0,0,0,0,0,0,0,0,0
2,2013,'151530000',213,  ,KG,0,4017,972,0,2097,491,0,0,0,0,0,0,0,1920,481,0,0,0,0,0,0,0,0,0,0,0,0,0,0,0,0,0,0,0,0,0,0,0,0
2,2013,'151530000',304,  ,KG,0,1558,1346,0,0,0,0,0,0,0,0,0,0,0,0,0,5,494,0,0,0,0,0,0,0,0,0,0,1553,852,0,0,0,0,0,0,0,0,0
2,2013,'151550100',103,  ,KG,0,17110,15706,0,732,560,0,1920,1657,0,3888,3552,0,1994,1225,0,2937,3149,0,338,304,0,245,220,0,230,217,0,1274,1399,0,2932,2834,0,0,0,0,620,589
2,2013,'151550100',105,  ,KG,0,160053,75067,0,0,0,0,17820,7169,0,15313,6568,0,31211,14090,0,12112,5881,0,0,0,0,33869,15744,0,8546,5431,0,7425,3790,0,7027,2985,0,0,0,0,26730,13409
2,2013,'151550100',106,  ,KG,0,183761,65054,0,17584,5438,0,19334,8789,0,25712,8877,0,12610,4586,0,28232,11010,0,0,0,0,38279,14158,0,0,0,0,28490,6960,0,12920,4739,0,0,0,0,600,497
2,2013,'151550100',110,  ,KG,0,917960,227729,0,92310,20833,0,89360,21144,0,40690,9587,0,92720,22638,0,110490,27975,0,55700,14591,0,76080,19302,0,95640,24138,0,70460,17967,0,94860,23916,0,39590,9816,0,60060,15822
2,2013,'151550100',113,  ,KG,0,35620,13773,0,0,0,0,0,0,0,0,0,0,0,0,0,0,0,0,0,0,0,35620,13773,0,0,0,0,0,0,0,0,0,0,0,0,0,0,0
2,2013,'151550100',122,  ,KG,0,6930,4062,0,0,0,0,0,0,0,0,0,0,0,0,0,0,0,0,0,0,0,0,0,0,6930,4062,0,0,0,0,0,0,0,0,0,0,0,0
2,2013,'151550100',125,  ,KG,0,3207,1330,0,0,0,0,0,0,0,0,0,0,0,0,0,2757,1103,0,0,0,0,0,0,0,450,227,0,0,0,0,0,0,0,0,0,0,0,0
2,2013,'151550100',305,  ,KG,0,367990,123166,0,71280,20725,0,20380,6026,0,51480,16287,0,91390,28948,0,0,0,0,39860,15254,0,0,0,0,31200,11908,0,31200,12092,0,0,0,0,31200,11926,0,0,0
2,2013,'151550100',601,  ,KG,0,5726,7133,0,0,0,0,0,0,0,0,0,0,0,0,0,0,0,0,0,0,0,0,0,0,0,0,0,5726,7133,0,0,0,0,0,0,0,0,0
2,2013,'151550200',103,  ,KG,0,6368,6016,0,0,0,0,0,0,0,896,867,0,0,0,0,0,0,0,768,725,0,0,0,0,0,0,0,1952,1811,0,1600,1517,0,0,0,0,1152,1096
2,2013,'151550200',106,  ,KG,0,816,1221,0,408,592,0,0,0,0,0,0,0,408,629,0,0,0,0,0,0,0,0,0,0,0,0,0,0,0,0,0,0,0,0,0,0,0,0
2,2013,'151550200',110,  ,KG,0,608000,186061,0,45600,12614,0,45600,13259,0,45600,13287,0,45600,13876,0,0,0,0,91200,28115,0,45600,14155,0,45600,13803,0,60800,19145,0,60800,18891,0,0,0,0,121600,38916
2,2013,'151550200',125,  ,KG,0,620,682,0,0,0,0,0,0,0,0,0,0,0,0,0,360,396,0,0,0,0,0,0,0,0,0,0,0,0,0,260,286,0,0,0,0,0,0
2,2013,'151550200',218,  ,KG,0,600,408,0,0,0,0,0,0,0,0,0,0,0,0,0,0,0,0,0,0,0,0,0,0,0,0,0,0,0,0,0,0,0,600,408,0,0,0
2,2013,'151550200',220,  ,KG,0,1520,1014,0,0,0,0,380,239,0,0,0,0,0,0,0,0,0,0,0,0,0,1140,775,0,0,0,0,0,0,0,0,0,0,0,0,0,0,0
2,2013,'151550200',304,  ,KG,0,135,981,0,0,0,0,0,0,0,0,0,0,0,0,0,0,0,0,135,981,0,0,0,0,0,0,0,0,0,0,0,0,0,0,0,0,0,0
2,2013,'151550200',305,  ,KG,0,3800,3107,0,1140,832,0,0,0,0,0,0,0,760,657,0,0,0,0,0,0,0,0,0,0,760,656,0,0,0,0,0,0,0,1140,962,0,0,0
2,2013,'151590110',105,  ,KG,0,1162420,226808,0,45600,7855,0,30020,5369,0,144400,27283,0,152000,28742,0,212800,41383,0,45600,9148,0,60800,11525,0,60800,12046,0,152000,28702,0,136800,28220,0,60800,13386,0,60800,13149
2,2013,'151590200',103,  ,KG,0,828,1771,0,0,0,0,0,0,0,0,0,0,0,0,0,0,0,0,270,542,0,0,0,0,0,0,0,270,605,0,288,624,0,0,0,0,0,0
2,2013,'151590200',105,  ,KG,0,252208,215184,0,0,0,0,38000,28950,0,1460,1687,0,30400,25838,0,44650,39771,0,0,0,0,15580,13779,0,45600,39859,0,15718,13212,0,30400,25703,0,15200,13436,0,15200,12949
2,2013,'151590200',106,  ,KG,0,3960,8458,0,720,1370,0,720,1459,0,0,0,0,0,0,0,0,0,0,0,0,0,0,0,0,360,817,0,720,1598,0,720,1585,0,0,0,0,720,1629
2,2013,'151590300',105,  ,KG,0,3200,2651,0,0,0,0,0,0,0,0,0,0,0,0,0,3200,2651,0,0,0,0,0,0,0,0,0,0,0,0,0,0,0,0,0,0,0,0,0
2,2013,'151590410',110,  ,KG,0,12875400,1228314,0,692900,65824,0,155740,23600,0,1120820,103539,0,1509860,156816,0,1245480,121210,0,1152140,125141,0,1405550,125430,0,835860,82962,0,830540,81230,0,814940,69678,0,1509840,128629,0,1601730,144255
2,2013,'151590410',111,  ,KG,0,2080160,202458,0,0,0,0,0,0,0,0,0,0,0,0,0,300000,29666,0,400000,41365,0,400000,38142,0,400000,37487,0,200000,18454,0,280160,27566,0,0,0,0,100000,9778
2,2013,'151590410',304,  ,KG,0,6549,4319,0,0,0,0,0,0,0,0,0,0,0,0,0,0,0,0,0,0,0,6549,4319,0,0,0,0,0,0,0,0,0,0,0,0,0,0,0
2,2013,'151590410',410,  ,KG,0,3253735,299483,0,0,0,0,361680,35917,0,568250,53522,0,252000,22793,0,575330,56003,0,0,0,0,322700,28325,0,323710,29505,0,214870,19752,0,273000,22902,0,42000,3532,0,320195,27232
2,2013,'151590420',111,  ,KG,0,93858,15001,0,78658,12383,0,15200,2618,0,0,0,0,0,0,0,0,0,0,0,0,0,0,0,0,0,0,0,0,0,0,0,0,0,0,0,0,0,0
2,2013,'151590420',220,  ,KG,0,4469,1579,0,0,0,0,1269,385,0,0,0,0,0,0,0,1931,669,0,0,0,0,0,0,0,0,0,0,662,245,0,0,0,0,607,280,0,0,0
2,2013,'151590420',304,  ,KG,0,952,594,0,952,594,0,0,0,0,0,0,0,0,0,0,0,0,0,0,0,0,0,0,0,0,0,0,0,0,0,0,0,0,0,0,0,0,0
2,2013,'151590420',410,  ,KG,0,1491700,196996,0,106500,13092,0,106500,13867,0,0,0,0,106500,13607,0,106500,14075,0,213000,28756,0,213000,28877,0,0,0,0,213000,28518,0,213000,28021,0,106500,13858,0,107200,14325
2,2013,'151590420',601,  ,KG,0,1800,866,0,0,0,0,0,0,0,0,0,0,0,0,0,400,207,0,0,0,0,0,0,0,0,0,0,800,370,0,600,289,0,0,0,0,0,0
2,2013,'151590510',103,  ,KG,0,885,1750,0,93,237,0,0,0,0,0,0,0,0,0,0,0,0,0,0,0,0,0,0,0,0,0,0,0,0,0,0,0,0,486,927,0,306,586
2,2013,'151590510',105,  ,KG,0,440150,283965,0,15200,7623,0,18696,17380,0,15200,8828,0,47120,28174,0,30650,21421,0,31350,19413,0,62700,38122,0,28880,20227,0,15200,10271,0,48070,30235,0,35884,24383,0,91200,57888
2,2013,'151590510',113,  ,KG,0,46610,15810,0,0,0,0,31410,10420,0,0,0,0,0,0,0,0,0,0,0,0,0,15200,5390,0,0,0,0,0,0,0,0,0,0,0,0,0,0,0
2,2013,'151590510',118,  ,KG,0,347840,44334,0,14400,1951,0,15200,1726,0,30400,3351,0,14400,2130,0,60800,7644,0,0,0,0,0,0,0,30400,3842,0,29600,4019,0,45600,5436,0,78240,10357,0,28800,3878
2,2013,'151590510',122,  ,KG,0,1300,1122,0,0,0,0,0,0,0,0,0,0,900,764,0,0,0,0,400,358,0,0,0,0,0,0,0,0,0,0,0,0,0,0,0,0,0,0
2,2013,'151590510',123,  ,KG,0,1920,2786,0,0,0,0,0,0,0,0,0,0,0,0,0,945,250,0,0,0,0,10,761,0,945,253,0,0,0,0,0,0,0,10,744,0,10,778
2,2013,'151590510',143,  ,KG,0,57,326,0,0,0,0,0,0,0,0,0,0,0,0,0,0,0,0,0,0,0,0,0,0,57,326,0,0,0,0,0,0,0,0,0,0,0,0
2,2013,'151590510',205,  ,KG,0,6080,4976,0,824,683,0,0,0,0,0,0,0,296,209,0,0,0,0,0,0,0,730,665,0,1319,1137,0,765,553,0,300,250,0,625,512,0,1221,967
2,2013,'151590510',207,  ,KG,0,10065,23886,0,1000,926,0,7790,21313,0,0,0,0,275,457,0,0,0,0,0,0,0,0,0,0,0,0,0,0,0,0,1000,1190,0,0,0,0,0,0
2,2013,'151590510',210,  ,KG,0,19963,36637,0,247,1546,0,897,5015,0,3447,3998,0,1044,3962,0,1010,1258,0,2337,2430,0,2160,1738,0,3730,8164,0,96,521,0,2018,3613,0,1641,2644,0,1336,1748
2,2013,'151590510',213,  ,KG,0,4168,13449,0,0,0,0,0,0,0,200,2827,0,395,1000,0,198,2833,0,605,1306,0,370,649,0,0,0,0,950,1697,0,1450,3137,0,0,0,0,0,0
2,2013,'151590510',218,  ,KG,0,11910,11501,0,0,0,0,0,0,0,0,0,0,2348,2890,0,328,331,0,0,0,0,0,0,0,4310,2383,0,0,0,0,800,1584,0,2524,1705,0,1600,2608
2,2013,'151590510',220,  ,KG,0,18823,227070,0,2000,27000,0,1300,18900,0,1000,13500,0,2300,33400,0,1000,14500,0,1330,17150,0,1100,16300,0,1600,1569,0,1300,19900,0,2893,21351,0,1000,14500,0,2000,29000
2,2013,'151590510',224,  ,KG,0,338,3933,0,0,0,0,78,887,0,0,0,0,100,1191,0,0,0,0,80,972,0,0,0,0,0,0,0,0,0,0,80,883,0,0,0,0,0,0
2,2013,'151590510',225,  ,KG,0,34,280,0,0,0,0,0,0,0,0,0,0,0,0,0,0,0,0,0,0,0,0,0,0,0,0,0,0,0,0,34,280,0,0,0,0,0,0
2,2013,'151590510',302,  ,KG,0,671,3318,0,0,0,0,50,712,0,0,0,0,0,0,0,0,0,0,0,0,0,0,0,0,0,0,0,621,2606,0,0,0,0,0,0,0,0,0
2,2013,'151590510',304,  ,KG,0,4060,13742,0,0,0,0,0,0,0,571,823,0,0,0,0,112,1806,0,1271,1013,0,685,4262,0,0,0,0,0,0,0,762,491,0,359,4216,0,300,1131
2,2013,'151590510',305,  ,KG,0,3360,6138,0,0,0,0,0,0,0,0,0,0,0,0,0,3360,6138,0,0,0,0,0,0,0,0,0,0,0,0,0,0,0,0,0,0,0,0,0
2,2013,'151590510',406,  ,KG,0,360,830,0,0,0,0,0,0,0,0,0,0,0,0,0,0,0,0,0,0,0,0,0,0,0,0,0,0,0,0,120,230,0,0,0,0,240,600
2,2013,'151590510',409,  ,KG,0,50,285,0,0,0,0,0,0,0,0,0,0,0,0,0,0,0,0,0,0,0,0,0,0,0,0,0,0,0,0,50,285,0,0,0,0,0,0
2,2013,'151590510',410,  ,KG,0,19667,50870,0,300,941,0,225,703,0,672,2960,0,225,713,0,3180,7254,0,1980,5869,0,1009,3416,0,5116,13310,0,90,949,0,0,0,0,4320,7447,0,2550,7308
2,2013,'151590510',501,  ,KG,0,4293,18090,0,100,635,0,210,731,0,599,2287,0,450,500,0,350,2023,0,110,550,0,56,293,0,468,2219,0,791,3740,0,200,773,0,300,1619,0,659,2720
2,2013,'151590510',510,  ,KG,0,400,1289,0,0,0,0,0,0,0,60,219,0,340,1070,0,0,0,0,0,0,0,0,0,0,0,0,0,0,0,0,0,0,0,0,0,0,0,0
2,2013,'151590510',517,  ,KG,0,1399,772,0,0,0,0,0,0,0,0,0,0,900,482,0,0,0,0,0,0,0,0,0,0,0,0,0,0,0,0,0,0,0,499,290,0,0,0
2,2013,'151590510',519,  ,KG,0,850,1341,0,0,0,0,0,0,0,0,0,0,0,0,0,0,0,0,450,696,0,0,0,0,0,0,0,400,645,0,0,0,0,0,0,0,0,0
2,2013,'151590510',521,  ,KG,0,499,852,0,0,0,0,0,0,0,0,0,0,0,0,0,0,0,0,0,0,0,0,0,0,0,0,0,0,0,0,0,0,0,499,852,0,0,0
2,2013,'151590510',541,  ,KG,0,67020,29175,0,15520,5249,0,0,0,0,0,0,0,0,0,0,0,0,0,0,0,0,15520,5751,0,0,0,0,1140,1790,0,15520,5705,0,570,708,0,18750,9972
2,2013,'151590510',551,  ,KG,0,5872,5955,0,0,0,0,0,0,0,0,0,0,3000,2769,0,0,0,0,0,0,0,225,697,0,0,0,0,0,0,0,0,0,0,0,0,0,2647,2489
2,2013,'151590510',601,  ,KG,0,754,787,0,0,0,0,0,0,0,0,0,0,0,0,0,0,0,0,0,0,0,0,0,0,0,0,0,274,235,0,0,0,0,0,0,0,480,552
2,2013,'151590510',606,  ,KG,0,1403,3386,0,551,1216,0,0,0,0,0,0,0,0,0,0,195,538,0,252,580,0,210,436,0,0,0,0,0,0,0,0,0,0,0,0,0,195,616
2,2013,'151590520',103,  ,KG,0,1014,4417,0,0,0,0,57,252,0,57,252,0,0,0,0,57,252,0,0,0,0,387,1319,0,152,768,0,76,384,0,76,384,0,0,0,0,152,806
2,2013,'151590520',105,  ,KG,0,90907,45667,0,3600,2048,0,15200,8593,0,1900,1224,0,30400,6912,0,880,1474,0,378,924,0,100,205,0,0,0,0,31049,12257,0,1740,3281,0,3760,6428,0,1900,2321
2,2013,'151590520',111,  ,KG,0,200,284,0,200,284,0,0,0,0,0,0,0,0,0,0,0,0,0,0,0,0,0,0,0,0,0,0,0,0,0,0,0,0,0,0,0,0,0
2,2013,'151590520',113,  ,KG,0,715460,147010,0,0,0,0,7600,983,0,0,0,0,0,0,0,63680,27630,0,31860,13977,0,60800,7669,0,139650,37044,0,228000,28126,0,183870,31581,0,0,0,0,0,0
2,2013,'151590520',123,  ,KG,0,834624,302753,0,0,0,0,101195,33627,0,14820,3290,0,101429,35103,0,101010,36421,0,200,244,0,0,0,0,101010,36249,0,0,0,0,101695,36842,0,101010,38164,0,212255,82813
2,2013,'151590520',143,  ,KG,0,8860,7623,0,0,0,0,764,499,0,0,0,0,2880,2896,0,0,0,0,0,0,0,1528,1025,0,2160,2161,0,0,0,0,1528,1042,0,0,0,0,0,0
2,2013,'151590520',203,  ,KG,0,40817,26908,0,1188,842,0,1188,886,0,5180,2908,0,6038,3851,0,2668,1825,0,4148,2381,0,0,0,0,3116,2231,0,4542,2681,0,5240,3147,0,3593,2975,0,3916,3181
2,2013,'151590520',204,  ,KG,0,900,1919,0,0,0,0,0,0,0,50,241,0,0,0,0,0,0,0,50,261,0,100,201,0,0,0,0,700,1216,0,0,0,0,0,0,0,0,0
2,2013,'151590520',205,  ,KG,0,23053,25980,0,4178,3902,0,159,586,0,0,0,0,3920,3229,0,1126,1277,0,3940,5377,0,1013,1665,0,720,898,0,2358,2268,0,289,736,0,4766,4955,0,584,1087
2,2013,'151590520',207,  ,KG,0,40070,17828,0,0,0,0,0,0,0,0,0,0,0,0,0,0,0,0,19000,8217,0,250,249,0,16000,6928,0,3000,1278,0,1520,889,0,300,267,0,0,0
2,2013,'151590520',210,  ,KG,0,581634,249716,0,81941,25723,0,21067,7784,0,43053,14137,0,24840,7742,0,43625,17894,0,56530,27566,0,57520,27376,0,111571,46938,0,18658,10027,0,23195,9451,0,61128,31907,0,38506,23171
2,2013,'151590520',213,  ,KG,0,7522,16513,0,2030,3386,0,0,0,0,1100,1436,0,20,330,0,0,0,0,2602,3583,0,600,774,0,170,997,0,200,1252,0,75,305,0,400,2704,0,325,1746
2,2013,'151590520',215,  ,KG,0,380,1296,0,0,0,0,0,0,0,190,632,0,0,0,0,0,0,0,0,0,0,0,0,0,0,0,0,0,0,0,0,0,0,190,664,0,0,0
2,2013,'151590520',218,  ,KG,0,627738,246558,0,56335,19077,0,22274,8306,0,66745,19922,0,38398,15831,0,112728,39194,0,55111,22350,0,23152,10489,0,16143,7555,0,91532,35107,0,53032,23178,0,34559,19938,0,57729,25611
2,2013,'151590520',220,  ,KG,0,1657279,705224,0,199441,70397,0,107418,40229,0,136685,54778,0,132186,55154,0,128275,54292,0,109582,47894,0,347021,154337,0,81890,37766,0,119127,52961,0,72847,32600,0,101810,46276,0,120997,58540
2,2013,'151590520',225,  ,KG,0,217,641,0,0,0,0,0,0,0,0,0,0,0,0,0,0,0,0,105,390,0,0,0,0,0,0,0,0,0,0,112,251,0,0,0,0,0,0
2,2013,'151590520',302,  ,KG,0,6471,9080,0,0,0,0,36,407,0,1002,1205,0,786,1416,0,0,0,0,0,0,0,1002,1204,0,1746,2085,0,0,0,0,59,719,0,1840,2044,0,0,0
2,2013,'151590520',304,  ,KG,0,337199,391222,0,39476,38085,0,31145,29900,0,7898,3934,0,16854,29603,0,49109,51510,0,32296,37353,0,8076,10917,0,40731,42222,0,11314,15757,0,26732,36343,0,22702,28092,0,50866,67506
2,2013,'151590520',305,  ,KG,0,39720,25608,0,0,0,0,0,0,0,780,566,0,0,0,0,7640,4604,0,0,0,0,0,0,0,16020,10294,0,0,0,0,0,0,0,0,0,0,15280,10144
2,2013,'151590520',407,  ,KG,0,17866,34177,0,4000,6659,0,246,761,0,0,0,0,0,0,0,0,0,0,246,861,0,8000,15496,0,0,0,0,0,0,0,4205,8453,0,1075,1603,0,94,344
2,2013,'151590520',409,  ,KG,0,152333,54826,0,143,220,0,14672,4939,0,0,0,0,15201,4344,0,30514,10024,0,500,958,0,14672,5811,0,16026,6250,0,320,742,0,30406,10323,0,29879,11215,0,0,0
2,2013,'151590520',410,  ,KG,0,2211,2355,0,1440,926,0,0,0,0,0,0,0,0,0,0,540,414,0,48,205,0,48,222,0,0,0,0,0,0,0,0,0,0,60,247,0,75,341
2,2013,'151590520',501,  ,KG,0,6613,26934,0,605,2319,0,27,468,0,199,761,0,846,3902,0,1807,4517,0,0,0,0,227,1147,0,900,3795,0,784,3826,0,497,2744,0,153,493,0,568,2962
2,2013,'151590520',517,  ,KG,0,11329,8977,0,4700,3681,0,1745,831,0,500,491,0,0,0,0,0,0,0,1200,1050,0,0,0,0,975,449,0,720,787,0,190,215,0,1299,1473,0,0,0
2,2013,'151590520',541,  ,KG,0,3063,3706,0,0,0,0,0,0,0,2000,2332,0,0,0,0,0,0,0,150,781,0,0,0,0,0,0,0,0,0,0,0,0,0,0,0,0,913,593
2,2013,'151590520',551,  ,KG,0,3651,3189,0,878,767,0,0,0,0,0,0,0,1441,984,0,416,536,0,0,0,0,416,542,0,500,360,0,0,0,0,0,0,0,0,0,0,0,0
2,2013,'151590520',601,  ,KG,0,1221,2079,0,0,0,0,0,0,0,0,0,0,0,0,0,0,0,0,275,498,0,373,658,0,0,0,0,373,713,0,200,210,0,0,0,0,0,0
2,2013,'151590520',606,  ,KG,0,17269,33457,0,392,929,0,1938,3909,0,2114,3998,0,677,1320,0,2845,4991,0,186,431,0,4342,7187,0,0,0,0,3016,5991,0,798,2161,0,732,1929,0,229,611
2,2013,'151590520',619,  ,KG,0,25,505,0,0,0,0,0,0,0,0,0,0,0,0,0,0,0,0,25,505,0,0,0,0,0,0,0,0,0,0,0,0,0,0,0,0,0,0
2,2013,'151590600',123,  ,KG,0,400,878,0,0,0,0,0,0,0,0,0,0,0,0,0,200,520,0,0,0,0,0,0,0,0,0,0,0,0,0,0,0,0,200,358,0,0,0
2,2013,'151590600',143,  ,KG,0,45703,95630,0,777,1507,0,130,448,0,328,1995,0,12960,28371,0,2640,5294,0,960,2331,0,3600,8112,0,14400,26764,0,5400,10667,0,4320,9321,0,188,820,0,0,0
2,2013,'151590600',205,  ,KG,0,25,236,0,0,0,0,0,0,0,0,0,0,0,0,0,0,0,0,0,0,0,25,236,0,0,0,0,0,0,0,0,0,0,0,0,0,0,0
2,2013,'151590600',210,  ,KG,0,2940,11910,0,41,258,0,86,543,0,55,363,0,0,0,0,468,1648,0,0,0,0,540,2291,0,624,2210,0,176,905,0,230,1014,0,0,0,0,720,2678
2,2013,'151590600',213,  ,KG,0,1126,3443,0,0,0,0,1080,3082,0,46,361,0,0,0,0,0,0,0,0,0,0,0,0,0,0,0,0,0,0,0,0,0,0,0,0,0,0,0
2,2013,'151590600',218,  ,KG,0,4160,8475,0,0,0,0,0,0,0,0,0,0,900,1710,0,2160,4266,0,0,0,0,100,344,0,0,0,0,0,0,0,0,0,0,0,0,0,1000,2155
2,2013,'151590600',220,  ,KG,0,4140,15372,0,0,0,0,2160,7600,0,0,0,0,0,0,0,0,0,0,0,0,0,1980,7772,0,0,0,0,0,0,0,0,0,0,0,0,0,0,0
2,2013,'151590600',304,  ,KG,0,16238,51846,0,2685,7294,0,1039,3426,0,180,515,0,4061,12778,0,0,0,0,0,0,0,4058,13661,0,180,552,0,0,0,0,4000,13319,0,35,301,0,0,0
2,2013,'151590600',407,  ,KG,0,137240,323330,0,7200,18120,0,0,0,0,21600,49359,0,14580,35307,0,28800,63981,0,32220,75254,0,15480,37525,0,1160,2568,0,14580,36293,0,360,993,0,540,1672,0,720,2258
2,2013,'151590600',409,  ,KG,0,4720,14677,0,0,0,0,0,0,0,4320,13598,0,0,0,0,400,1079,0,0,0,0,0,0,0,0,0,0,0,0,0,0,0,0,0,0,0,0,0
2,2013,'151590600',413,  ,KG,0,135899,275562,0,14400,24452,0,0,0,0,14400,26008,0,14400,26166,0,3240,6982,0,14400,28513,0,14400,27841,0,14760,44523,0,14760,28697,0,14400,27163,0,1979,6049,0,14760,29168
2,2013,'151590600',601,  ,KG,0,1265,9891,0,0,0,0,0,0,0,40,497,0,50,215,0,0,0,0,100,422,0,230,1400,0,50,209,0,215,5185,0,260,728,0,200,691,0,120,544
2,2013,'151610000',202,  ,KG,0,20520,94416,0,0,0,0,3800,16334,0,0,0,0,0,0,0,2280,10485,0,0,0,0,2090,9894,0,2850,12945,0,3610,16940,0,2850,13492,0,1140,4960,0,1900,9366
2,2013,'151610000',210,  ,KG,0,900,7462,0,360,2837,0,0,0,0,180,1521,0,180,1510,0,0,0,0,0,0,0,180,1594,0,0,0,0,0,0,0,0,0,0,0,0,0,0,0
2,2013,'151610000',304,  ,KG,0,20634,33008,0,6750,2133,0,0,0,0,0,0,0,0,0,0,0,0,0,9183,12198,0,0,0,0,1217,8714,0,0,0,0,0,0,0,3484,9963,0,0,0
2,2013,'151620010',111,  ,KG,0,963000,194515,0,94000,17420,0,82000,16205,0,110000,20886,0,59000,12463,0,68000,14720,0,49000,10633,0,93000,19139,0,94000,19623,0,57000,11370,0,82000,16369,0,69000,13646,0,106000,22041
2,2013,'151620010',118,  ,KG,0,29100,4760,0,0,0,0,0,0,0,2000,459,0,0,0,0,0,0,0,0,0,0,1000,244,0,24000,3546,0,2100,511,0,0,0,0,0,0,0,0,0
2,2013,'151620010',123,  ,KG,0,4825101,777507,0,395440,66165,0,299153,47799,0,466720,76149,0,308480,51173,0,393000,66566,0,347000,58486,0,208000,33966,0,452400,73892,0,493360,77231,0,456068,71670,0,640300,96313,0,365180,58097
2,2013,'151620010',302,  ,KG,0,3500,2405,0,0,0,0,500,344,0,500,353,0,1000,702,0,500,336,0,0,0,0,0,0,0,1000,670,0,0,0,0,0,0,0,0,0,0,0,0
2,2013,'151620010',304,  ,KG,0,37160,17226,0,500,323,0,2500,1728,0,8508,3459,0,7826,3217,0,1000,702,0,3000,2089,0,7706,2999,0,6120,2709,0,0,0,0,0,0,0,0,0,0,0,0
2,2013,'151620010',410,  ,KG,0,276400,79337,0,0,0,0,36200,11938,0,34000,9205,0,17000,4658,0,34000,9713,0,34000,9971,0,34000,9671,0,4800,1802,0,31400,9702,0,34000,8450,0,17000,4227,0,0,0
2,2013,'151620090',105,  ,KG,0,26700,4568,0,9900,1593,0,0,0,0,0,0,0,10400,1673,0,5000,1003,0,0,0,0,1400,299,0,0,0,0,0,0,0,0,0,0,0,0,0,0,0
2,2013,'151620090',106,  ,KG,0,1809,1110,0,0,0,0,450,268,0,0,0,0,0,0,0,453,287,0,0,0,0,0,0,0,0,0,0,906,555,0,0,0,0,0,0,0,0,0
2,2013,'151620090',113,  ,KG,0,10375056,1883799,0,1188194,169258,0,840867,109431,0,729745,136405,0,1396200,262223,0,445740,59174,0,908702,214565,0,668498,110763,0,312860,72910,0,703476,96528,0,1073765,225613,0,1405324,235781,0,701685,191148
2,2013,'151620090',118,  ,KG,0,957220,206066,0,45600,11973,0,45600,12303,0,106400,16085,0,136800,22555,0,136800,26363,0,182400,37798,0,15200,4421,0,45600,13657,0,45220,11096,0,45600,14318,0,45600,14779,0,106400,20718
2,2013,'151620090',203,  ,KG,0,26296,124049,0,1536,6525,0,4600,20806,0,0,0,0,0,0,0,6912,33308,0,0,0,0,6144,29164,0,0,0,0,0,0,0,5184,24773,0,0,0,0,1920,9473
2,2013,'151620090',204,  ,KG,0,2160,1719,0,0,0,0,0,0,0,720,573,0,0,0,0,0,0,0,720,573,0,0,0,0,0,0,0,0,0,0,720,573,0,0,0,0,0,0
2,2013,'151620090',205,  ,KG,0,20025,10585,0,0,0,0,0,0,0,5000,2571,0,0,0,0,5000,2718,0,0,0,0,0,0,0,25,256,0,5000,2539,0,0,0,0,5000,2501,0,0,0
2,2013,'151620090',207,  ,KG,0,75600,55521,0,0,0,0,0,0,0,3200,1773,0,0,0,0,67400,35229,0,0,0,0,0,0,0,0,0,0,0,0,0,5000,18519,0,0,0,0,0,0
2,2013,'151620090',210,  ,KG,0,7467,12877,0,0,0,0,204,1338,0,0,0,0,0,0,0,6003,4603,0,0,0,0,32,323,0,0,0,0,0,0,0,142,791,0,580,2105,0,506,3717
2,2013,'151620090',213,  ,KG,0,146955,85829,0,6075,3188,0,15400,8007,0,18920,10431,0,9600,5683,0,9000,5182,0,11400,6594,0,17800,10303,0,10960,6507,0,3200,1917,0,26200,16299,0,18400,11718,0,0,0
2,2013,'151620090',215,  ,KG,0,2700,2155,0,0,0,0,0,0,0,675,512,0,0,0,0,0,0,0,675,542,0,0,0,0,675,540,0,0,0,0,0,0,0,675,561,0,0,0
2,2013,'151620090',218,  ,KG,0,129527,77123,0,0,0,0,0,0,0,0,0,0,0,0,0,0,0,0,0,0,0,0,0,0,0,0,0,800,466,0,351,352,0,48000,27913,0,80376,48392
2,2013,'151620090',220,  ,KG,0,3938,1400,0,0,0,0,3850,1115,0,0,0,0,0,0,0,0,0,0,0,0,0,0,0,0,0,0,0,88,285,0,0,0,0,0,0,0,0,0
2,2013,'151620090',304,  ,KG,0,66331,44308,0,0,0,0,522,707,0,0,0,0,1881,5253,0,0,0,0,20561,13247,0,20348,8541,0,584,2072,0,19342,8131,0,0,0,0,1757,1738,0,1336,4619
2,2013,'151620090',501,  ,KG,0,70,291,0,0,0,0,0,0,0,0,0,0,0,0,0,0,0,0,0,0,0,0,0,0,0,0,0,0,0,0,70,291,0,0,0,0,0,0
2,2013,'151710000',112,  ,KG,0,5890,2273,0,0,0,0,0,0,0,2900,1130,0,0,0,0,0,0,0,0,0,0,0,0,0,0,0,0,0,0,0,0,0,0,0,0,0,2990,1143
2,2013,'151710000',118,  ,KG,0,2000,209,0,0,0,0,0,0,0,0,0,0,0,0,0,0,0,0,0,0,0,0,0,0,0,0,0,0,0,0,0,0,0,0,0,0,2000,209
2,2013,'151710000',302,  ,KG,0,252881,53507,0,36758,7473,0,20227,3581,0,39283,8612,0,37881,8244,0,0,0,0,40089,9354,0,19834,4165,0,40483,8309,0,18326,3769,0,0,0,0,0,0,0,0,0
2,2013,'151710000',304,  ,KG,0,243709,82559,0,864,1447,0,35002,10036,0,19314,5722,0,19098,6221,0,19314,6783,0,19030,6291,0,54804,16245,0,16962,5787,0,19030,6234,0,19948,8210,0,829,1855,0,19514,7728
2,2013,'151790110',304,  ,KG,0,19049,6960,0,0,0,0,6803,2373,0,0,0,0,0,0,0,0,0,0,0,0,0,5443,2040,0,0,0,0,0,0,0,6803,2547,0,0,0,0,0,0
2,2013,'151790210',103,  ,KG,0,1005,275,0,0,0,0,0,0,0,0,0,0,1005,275,0,0,0,0,0,0,0,0,0,0,0,0,0,0,0,0,0,0,0,0,0,0,0,0
2,2013,'151790210',112,  ,KG,0,1867460,397286,0,136570,23758,0,155080,29897,0,78210,13849,0,211530,45745,0,193130,42278,0,96930,19562,0,181730,49392,0,134980,30246,0,213060,43852,0,174520,36573,0,155260,35254,0,136460,26880
2,2013,'151790210',113,  ,KG,0,600680,82288,0,20400,2790,0,37340,4541,0,57820,7811,0,61250,9080,0,58090,8087,0,18730,2387,0,76740,10327,0,75530,9870,0,21850,3719,0,75430,9822,0,58100,7983,0,39400,5871
2,2013,'151790210',204,  ,KG,0,118560,25968,0,19760,4190,0,0,0,0,0,0,0,19760,4496,0,0,0,0,19760,4337,0,19760,4359,0,19760,4427,0,0,0,0,19760,4159,0,0,0,0,0,0
2,2013,'151790210',207,  ,KG,0,31200,16153,0,0,0,0,0,0,0,0,0,0,0,0,0,15600,8126,0,0,0,0,15600,8027,0,0,0,0,0,0,0,0,0,0,0,0,0,0,0
2,2013,'151790210',210,  ,KG,0,600,606,0,0,0,0,0,0,0,0,0,0,0,0,0,0,0,0,0,0,0,300,345,0,0,0,0,0,0,0,300,261,0,0,0,0,0,0
2,2013,'151790210',213,  ,KG,0,50100,24459,0,0,0,0,0,0,0,0,0,0,0,0,0,0,0,0,0,0,0,9600,5974,0,0,0,0,20000,9603,0,0,0,0,20500,8882,0,0,0
2,2013,'151790210',601,  ,KG,0,4320,2077,0,0,0,0,0,0,0,0,0,0,0,0,0,0,0,0,0,0,0,0,0,0,0,0,0,0,0,0,0,0,0,4320,2077,0,0,0
2,2013,'151790290',106,  ,KG,0,9018,2927,0,0,0,0,2921,875,0,793,229,0,0,0,0,0,0,0,0,0,0,1128,366,0,0,0,0,1139,397,0,3037,1060,0,0,0,0,0,0
2,2013,'151790290',108,  ,KG,0,5040,1179,0,0,0,0,0,0,0,0,0,0,0,0,0,0,0,0,5040,1179,0,0,0,0,0,0,0,0,0,0,0,0,0,0,0,0,0,0
2,2013,'151790290',113,  ,KG,0,2140580,600696,0,321810,77024,0,284030,73165,0,118230,32437,0,98370,25478,0,175610,48136,0,38080,11252,0,78820,21114,0,144480,42804,0,137660,40428,0,292520,84862,0,255200,79754,0,195770,64242
2,2013,'151790290',204,  ,KG,0,39520,12739,0,0,0,0,19760,5931,0,0,0,0,0,0,0,19760,6808,0,0,0,0,0,0,0,0,0,0,0,0,0,0,0,0,0,0,0,0,0
2,2013,'151790290',205,  ,KG,0,10084,5347,0,0,0,0,2125,781,0,1326,745,0,0,0,0,1416,1266,0,0,0,0,1416,1236,0,1236,248,0,1236,245,0,1329,826,0,0,0,0,0,0
2,2013,'151790290',213,  ,KG,0,3500,9874,0,500,1259,0,0,0,0,0,0,0,0,0,0,0,0,0,0,0,0,654,2469,0,2000,5170,0,300,775,0,46,201,0,0,0,0,0,0
2,2013,'151790290',215,  ,KG,0,190,379,0,0,0,0,0,0,0,0,0,0,0,0,0,0,0,0,0,0,0,190,379,0,0,0,0,0,0,0,0,0,0,0,0,0,0,0
2,2013,'151790290',218,  ,KG,0,439165,95654,0,95020,17325,0,10973,2348,0,57897,11955,0,38598,9066,0,19299,4551,0,19299,4422,0,110040,25849,0,0,0,0,0,0,0,30142,7432,0,38598,8309,0,19299,4397
2,2013,'151790290',220,  ,KG,0,1774807,413183,0,84061,15966,0,112590,22020,0,128258,27643,0,255292,56043,0,174285,44574,0,209510,52627,0,111191,25717,0,240456,57091,0,132314,31236,0,134226,33618,0,64898,15496,0,127726,31152
2,2013,'151790290',302,  ,KG,0,39141,10214,0,0,0,0,0,0,0,0,0,0,0,0,0,0,0,0,12217,3255,0,0,0,0,0,0,0,11871,3109,0,0,0,0,0,0,0,15053,3850
2,2013,'151790290',304,  ,KG,0,70478,27685,0,0,0,0,158,298,0,158,326,0,75,231,0,0,0,0,158,352,0,0,0,0,0,0,0,233,593,0,0,0,0,34888,12796,0,34808,13089
2,2013,'151790290',410,  ,KG,0,2282,669,0,0,0,0,1178,344,0,0,0,0,0,0,0,0,0,0,0,0,0,0,0,0,0,0,0,1104,325,0,0,0,0,0,0,0,0,0
2,2013,'151790290',413,  ,KG,0,24508,4470,0,0,0,0,0,0,0,0,0,0,24508,4470,0,0,0,0,0,0,0,0,0,0,0,0,0,0,0,0,0,0,0,0,0,0,0,0
2,2013,'151790290',601,  ,KG,0,2773,20017,0,0,0,0,0,0,0,555,4171,0,183,405,0,740,5911,0,0,0,0,555,4015,0,0,0,0,0,0,0,0,0,0,740,5515,0,0,0
2,2013,'151790290',606,  ,KG,0,572,1101,0,0,0,0,164,320,0,145,282,0,0,0,0,0,0,0,0,0,0,162,297,0,0,0,0,101,202,0,0,0,0,0,0,0,0,0
2,2013,'151790300',205,  ,KG,0,505966,134244,0,18729,4606,0,18728,4771,0,37456,9415,0,94241,24098,0,37462,10210,0,74604,19924,0,18729,5047,0,37457,9446,0,56188,15490,0,18729,5200,0,56184,14897,0,37459,11140
2,2013,'151790300',207,  ,KG,0,533839,171901,0,37698,11203,0,35265,11961,0,47120,13839,0,60197,16126,0,31362,16010,0,20452,9466,0,73169,20606,0,31650,10576,0,46384,10121,0,17556,3508,0,84419,27399,0,48567,21086
2,2013,'151790300',208,  ,KG,0,78750,27936,0,6720,2097,0,7420,2414,0,6750,2272,0,3740,1277,0,6090,2198,0,4570,1675,0,10420,3747,0,3700,1329,0,6460,2350,0,5230,1948,0,12470,4665,0,5180,1964
2,2013,'151790300',213,  ,KG,0,192874,128144,0,8178,9179,0,14848,7387,0,20458,11708,0,23807,13005,0,12583,6955,0,15270,19110,0,23665,13295,0,11732,6017,0,23933,12673,0,10695,11119,0,18841,12725,0,8864,4971
2,2013,'151790300',304,  ,KG,0,28505,22066,0,0,0,0,40,222,0,7670,5459,0,0,0,0,40,243,0,6963,5267,0,0,0,0,0,0,0,7318,5533,0,0,0,0,371,470,0,6103,4872
2,2013,'151790400',111,  ,KG,0,149145,22160,0,27720,4054,0,13860,2085,0,0,0,0,13860,2095,0,13860,2100,0,0,0,0,13860,1999,0,13860,2067,0,13860,2009,0,13860,2023,0,13860,2058,0,10545,1670
2,2013,'151790400',113,  ,KG,0,609855,90919,0,65046,10485,0,0,0,0,52152,7307,0,15600,1597,0,15600,1620,0,33900,3763,0,33900,3766,0,33900,3760,0,105948,19351,0,219879,35664,0,15630,1526,0,18300,2080
2,2013,'151790400',118,  ,KG,0,124920,13331,0,16800,1538,0,0,0,0,15405,1540,0,26760,3069,0,0,0,0,16800,1734,0,0,0,0,0,0,0,16950,2001,0,16800,1819,0,0,0,0,15405,1630
2,2013,'151790900',103,  ,KG,0,2009,14004,0,0,0,0,0,0,0,0,0,0,900,6231,0,0,0,0,250,1051,0,0,0,0,859,6722,0,0,0,0,0,0,0,0,0,0,0,0
2,2013,'151790900',105,  ,KG,0,112140,167520,0,3944,2122,0,6596,5892,0,0,0,0,26600,46885,0,5600,3589,0,10684,8720,0,14560,27219,0,0,0,0,13830,24956,0,7999,6741,0,1303,1851,0,21024,39545
2,2013,'151790900',106,  ,KG,0,20311,9627,0,0,0,0,0,0,0,0,0,0,0,0,0,0,0,0,0,0,0,6649,3108,0,0,0,0,13662,6519,0,0,0,0,0,0,0,0,0
2,2013,'151790900',111,  ,KG,0,43740,11613,0,0,0,0,0,0,0,1800,390,0,3921,1389,0,0,0,0,1296,389,0,0,0,0,5790,2471,0,11232,2099,0,14904,2948,0,3825,1607,0,972,320
2,2013,'151790900',112,  ,KG,0,14805,5173,0,0,0,0,2940,1044,0,0,0,0,0,0,0,0,0,0,2910,1021,0,0,0,0,3045,1041,0,1980,672,0,3930,1395,0,0,0,0,0,0
2,2013,'151790900',113,  ,KG,0,220402,22659,0,49500,4819,0,14400,1540,0,24750,2402,0,0,0,0,0,0,0,24751,2691,0,24750,2501,0,0,0,0,24750,2516,0,24751,2621,0,0,0,0,32750,3569
2,2013,'151790900',118,  ,KG,0,637540,82488,0,25520,2231,0,51040,4446,0,37020,5482,0,11500,2916,0,76560,7391,0,48520,8702,0,76560,7421,0,67620,10034,0,40800,3886,0,64800,10108,0,61200,5784,0,76400,14087
2,2013,'151790900',123,  ,KG,0,598,765,0,0,0,0,593,407,0,0,0,0,5,358,0,0,0,0,0,0,0,0,0,0,0,0,0,0,0,0,0,0,0,0,0,0,0,0
2,2013,'151790900',144,  ,KG,0,1042,675,0,0,0,0,0,0,0,0,0,0,0,0,0,0,0,0,0,0,0,1042,675,0,0,0,0,0,0,0,0,0,0,0,0,0,0,0
2,2013,'151790900',158,  ,KG,0,113,225,0,0,0,0,113,225,0,0,0,0,0,0,0,0,0,0,0,0,0,0,0,0,0,0,0,0,0,0,0,0,0,0,0,0,0,0
2,2013,'151790900',205,  ,KG,0,8304,7303,0,2070,1396,0,0,0,0,0,0,0,1656,1276,0,0,0,0,1437,1177,0,0,0,0,2,897,0,1656,1365,0,0,0,0,1483,1192,0,0,0
2,2013,'151790900',208,  ,KG,0,49346,13795,0,0,0,0,0,0,0,0,0,0,0,0,0,0,0,0,17890,4644,0,17940,4875,0,36,569,0,0,0,0,0,0,0,13480,3707,0,0,0
2,2013,'151790900',210,  ,KG,0,5133,23843,0,399,1414,0,495,2252,0,165,836,0,333,965,0,525,2352,0,756,3682,0,150,766,0,744,3423,0,140,718,0,173,1339,0,1047,4866,0,206,1230
2,2013,'151790900',213,  ,KG,0,2491,8017,0,0,0,0,93,862,0,400,690,0,0,0,0,798,2852,0,0,0,0,0,0,0,400,2097,0,0,0,0,400,753,0,400,763,0,0,0
2,2013,'151790900',217,  ,KG,0,90,280,0,0,0,0,0,0,0,0,0,0,0,0,0,0,0,0,0,0,0,0,0,0,0,0,0,0,0,0,90,280,0,0,0,0,0,0
2,2013,'151790900',218,  ,KG,0,7099,6936,0,285,422,0,138,258,0,2400,1332,0,880,1021,0,726,648,0,93,286,0,0,0,0,1495,1506,0,0,0,0,0,0,0,0,0,0,1082,1463
2,2013,'151790900',220,  ,KG,0,272913,299343,0,27136,23978,0,13438,17873,0,22658,20601,0,29813,27171,0,18482,22358,0,14302,21308,0,30028,29899,0,18578,20669,0,24335,36649,0,17832,21708,0,26548,27788,0,29763,29341
2,2013,'151790900',224,  ,KG,0,226,2782,0,0,0,0,42,507,0,0,0,0,68,862,0,0,0,0,28,374,0,0,0,0,0,0,0,0,0,0,88,1039,0,0,0,0,0,0
2,2013,'151790900',230,  ,KG,0,5296,4113,0,0,0,0,1368,967,0,0,0,0,1146,1144,0,1540,883,0,0,0,0,0,0,0,0,0,0,0,0,0,0,0,0,1242,1119,0,0,0
2,2013,'151790900',234,  ,KG,0,4618,5930,0,0,0,0,0,0,0,0,0,0,1037,1145,0,970,1492,0,0,0,0,0,0,0,0,0,0,180,234,0,682,818,0,526,666,0,1223,1575
2,2013,'151790900',302,  ,KG,0,27671,91868,0,3000,6495,0,1501,3495,0,412,1430,0,2924,11399,0,5046,18243,0,1660,4037,0,0,0,0,6298,22858,0,448,2156,0,3380,14927,0,1502,3383,0,1500,3445
2,2013,'151790900',304,  ,KG,0,584202,748382,0,2508,22195,0,55967,31164,0,24540,67722,0,78063,62659,0,6822,57709,0,22317,35044,0,138739,142174,0,39955,50842,0,99874,92477,0,62317,78023,0,3590,46532,0,49510,61841
2,2013,'151790900',305,  ,KG,0,640,297,0,0,0,0,0,0,0,0,0,0,0,0,0,0,0,0,0,0,0,0,0,0,0,0,0,0,0,0,640,297,0,0,0,0,0,0
2,2013,'151790900',409,  ,KG,0,1388,2489,0,0,0,0,0,0,0,0,0,0,0,0,0,539,1033,0,0,0,0,0,0,0,632,1153,0,0,0,0,0,0,0,0,0,0,217,303
2,2013,'151790900',410,  ,KG,0,200,387,0,0,0,0,200,387,0,0,0,0,0,0,0,0,0,0,0,0,0,0,0,0,0,0,0,0,0,0,0,0,0,0,0,0,0,0
2,2013,'151790900',413,  ,KG,0,1840,3457,0,0,0,0,0,0,0,0,0,0,0,0,0,0,0,0,0,0,0,0,0,0,0,0,0,0,0,0,0,0,0,460,883,0,1380,2574
2,2013,'151790900',504,  ,KG,0,1466,1882,0,0,0,0,0,0,0,0,0,0,0,0,0,0,0,0,0,0,0,0,0,0,0,0,0,0,0,0,0,0,0,1466,1882,0,0,0
2,2013,'151790900',601,  ,KG,0,443,1730,0,0,0,0,43,220,0,0,0,0,0,0,0,0,0,0,0,0,0,0,0,0,0,0,0,0,0,0,0,0,0,400,1510,0,0,0
2,2013,'151790900',606,  ,KG,0,3214,2535,0,0,0,0,0,0,0,0,0,0,0,0,0,0,0,0,592,864,0,2622,1671,0,0,0,0,0,0,0,0,0,0,0,0,0,0,0
2,2013,'151800000',103,  ,KG,0,884390,161582,0,72260,12600,0,84300,14982,0,72550,13133,0,72590,13314,0,84400,16101,0,84220,16292,0,84300,16247,0,16000,3094,0,100300,18157,0,56560,10223,0,84310,14867,0,72600,12572
2,2013,'151800000',105,  ,KG,0,186601,31753,0,0,0,0,16000,2683,0,21000,3175,0,0,0,0,16000,2689,0,0,0,0,39001,6828,0,36800,6576,0,0,0,0,0,0,0,32000,4994,0,25800,4808
2,2013,'151800000',106,  ,KG,0,2404780,408272,0,163150,26714,0,189270,32377,0,251870,43539,0,241550,41624,0,198970,35036,0,162240,28038,0,218140,36401,0,220410,37199,0,134070,22762,0,225390,37565,0,199600,32999,0,200120,34018
2,2013,'151800000',111,  ,KG,0,3312,3471,0,0,0,0,1519,1437,0,0,0,0,0,0,0,0,0,0,90,547,0,1520,447,0,0,0,0,0,0,0,183,1040,0,0,0,0,0,0
2,2013,'151800000',112,  ,KG,0,16000,2979,0,0,0,0,0,0,0,0,0,0,0,0,0,0,0,0,0,0,0,0,0,0,0,0,0,16000,2979,0,0,0,0,0,0,0,0,0
2,2013,'151800000',113,  ,KG,0,7672818,915089,0,178780,16379,0,1439496,180059,0,199580,19620,0,1221099,157936,0,767175,91921,0,260390,27112,0,566701,71366,0,1123975,140658,0,459719,53727,0,242570,24446,0,781710,83490,0,431623,48375
2,2013,'151800000',118,  ,KG,0,5000,438,0,5000,438,0,0,0,0,0,0,0,0,0,0,0,0,0,0,0,0,0,0,0,0,0,0,0,0,0,0,0,0,0,0,0,0,0
2,2013,'151800000',123,  ,KG,0,256785,44881,0,20300,3196,0,20285,3571,0,0,0,0,23897,4716,0,19930,3672,0,48305,8379,0,40211,7203,0,552,325,0,8000,1343,0,47255,7706,0,0,0,0,28050,4770
2,2013,'151800000',125,  ,KG,0,693,724,0,0,0,0,0,0,0,0,0,0,0,0,0,0,0,0,693,724,0,0,0,0,0,0,0,0,0,0,0,0,0,0,0,0,0,0
2,2013,'151800000',203,  ,KG,0,24935,11529,0,1140,930,0,2911,711,0,4051,1650,0,4051,1750,0,2911,649,0,1140,1155,0,1140,1184,0,0,0,0,2911,632,0,3540,1700,0,1140,1168,0,0,0
2,2013,'151800000',205,  ,KG,0,2450,1423,0,0,0,0,0,0,0,0,0,0,0,0,0,0,0,0,0,0,0,0,0,0,0,0,0,0,0,0,0,0,0,0,0,0,2450,1423
2,2013,'151800000',208,  ,KG,0,360,241,0,0,0,0,0,0,0,0,0,0,0,0,0,360,241,0,0,0,0,0,0,0,0,0,0,0,0,0,0,0,0,0,0,0,0,0
2,2013,'151800000',210,  ,KG,0,115,303,0,0,0,0,0,0,0,0,0,0,0,0,0,0,0,0,115,303,0,0,0,0,0,0,0,0,0,0,0,0,0,0,0,0,0,0
2,2013,'151800000',213,  ,KG,0,48435,16482,0,30450,7993,0,8755,2968,0,0,0,0,0,0,0,0,0,0,0,0,0,5580,3526,0,800,233,0,300,202,0,950,1105,0,1600,455,0,0,0
2,2013,'151800000',215,  ,KG,0,190,421,0,0,0,0,0,0,0,0,0,0,0,0,0,0,0,0,0,0,0,0,0,0,190,421,0,0,0,0,0,0,0,0,0,0,0,0
2,2013,'151800000',218,  ,KG,0,16000,3517,0,0,0,0,0,0,0,0,0,0,0,0,0,16000,3517,0,0,0,0,0,0,0,0,0,0,0,0,0,0,0,0,0,0,0,0,0
2,2013,'151800000',220,  ,KG,0,1639,2527,0,0,0,0,0,0,0,0,0,0,590,905,0,0,0,0,201,247,0,128,242,0,0,0,0,220,365,0,0,0,0,200,259,0,300,509
2,2013,'151800000',304,  ,KG,0,81069,51827,0,3682,3442,0,446,1068,0,3987,3531,0,3749,3589,0,3044,6966,0,19085,7620,0,3190,3406,0,2419,5561,0,18157,4528,0,2323,1692,0,4107,4989,0,16880,5435
2,2013,'151800000',410,  ,KG,0,102320,23436,0,7020,2772,0,0,0,0,16000,2761,0,16000,2687,0,5400,2403,0,0,0,0,0,0,0,41900,10064,0,16000,2749,0,0,0,0,0,0,0,0,0
2,2013,'151800000',601,  ,KG,0,57,360,0,0,0,0,0,0,0,0,0,0,0,0,0,0,0,0,0,0,0,0,0,0,0,0,0,0,0,0,0,0,0,57,360,0,0,0
2,2013,'151800000',619,  ,KG,0,288,719,0,0,0,0,0,0,0,0,0,0,72,261,0,0,0,0,0,0,0,0,0,0,108,222,0,0,0,0,0,0,0,0,0,0,108,236
2,2013,'152000000',106,  ,KG,0,14,233,0,0,0,0,0,0,0,0,0,0,0,0,0,0,0,0,0,0,0,0,0,0,0,0,0,0,0,0,0,0,0,0,0,0,14,233
2,2013,'152000000',112,  ,KG,0,4434530,181108,0,143190,4205,0,19200,391,0,144810,5028,0,124810,4404,0,164730,5791,0,502600,20035,0,649220,26519,0,208130,8313,0,770430,32397,0,539780,22483,0,648770,28267,0,518860,23275
2,2013,'152000000',113,  ,KG,0,20000,1199,0,0,0,0,0,0,0,0,0,0,0,0,0,0,0,0,0,0,0,0,0,0,0,0,0,0,0,0,0,0,0,20000,1199,0,0,0
2,2013,'152000000',117,  ,KG,0,750480,30616,0,0,0,0,150030,5986,0,300170,12239,0,300280,12391,0,0,0,0,0,0,0,0,0,0,0,0,0,0,0,0,0,0,0,0,0,0,0,0
2,2013,'152000000',118,  ,KG,0,5707370,224364,0,232260,7911,0,579420,19827,0,62280,2387,0,383090,13952,0,743730,28831,0,567090,22607,0,317840,12690,0,551950,21900,0,501110,21083,0,739890,30654,0,559390,22518,0,469320,20004
2,2013,'152000000',207,  ,KG,0,2010932,124478,0,0,0,0,0,0,0,1004263,64187,0,0,0,0,0,0,0,0,0,0,0,0,0,0,0,0,1006669,60291,0,0,0,0,0,0,0,0,0
2,2013,'152000000',210,  ,KG,0,511,440,0,0,0,0,0,0,0,0,0,0,0,0,0,0,0,0,0,0,0,511,440,0,0,0,0,0,0,0,0,0,0,0,0,0,0,0
2,2013,'152110010',210,  ,KG,0,100,216,0,0,0,0,100,216,0,0,0,0,0,0,0,0,0,0,0,0,0,0,0,0,0,0,0,0,0,0,0,0,0,0,0,0,0,0
2,2013,'152110010',304,  ,KG,0,45,229,0,0,0,0,0,0,0,0,0,0,0,0,0,0,0,0,0,0,0,0,0,0,0,0,0,0,0,0,45,229,0,0,0,0,0,0
2,2013,'152110010',410,  ,KG,0,2644525,1660340,0,370500,202390,0,207500,123862,0,30000,14432,0,192500,101650,0,340000,201322,0,160025,109068,0,324000,219856,0,339000,236720,0,75000,47561,0,207500,140995,0,118000,73598,0,280500,188886
2,2013,'152110090',105,  ,KG,0,15000,5883,0,0,0,0,0,0,0,0,0,0,0,0,0,15000,5883,0,0,0,0,0,0,0,0,0,0,0,0,0,0,0,0,0,0,0,0,0
2,2013,'152110090',113,  ,KG,0,400,246,0,0,0,0,0,0,0,0,0,0,400,246,0,0,0,0,0,0,0,0,0,0,0,0,0,0,0,0,0,0,0,0,0,0,0,0
2,2013,'152110090',304,  ,KG,0,8474,5169,0,0,0,0,997,1083,0,0,0,0,1380,341,0,1000,1147,0,0,0,0,920,241,0,1000,1153,0,961,246,0,453,239,0,1763,719,0,0,0
2,2013,'152110090',305,  ,KG,0,421360,269073,0,26095,16963,0,0,0,0,51320,33811,0,18380,15963,0,66475,45067,0,62675,32634,0,18520,16615,0,53240,34598,0,25000,14297,0,0,0,0,76655,46419,0,23000,12706
2,2013,'152110090',321,  ,KG,0,3,340,0,0,0,0,0,0,0,0,0,0,0,0,0,0,0,0,0,0,0,0,0,0,0,0,0,0,0,0,0,0,0,0,0,0,3,340
2,2013,'152190010',105,  ,KG,0,96937,77972,0,0,0,0,0,0,0,18500,10664,0,1665,2093,0,13439,16353,0,17329,12794,0,10000,9834,0,14075,8257,0,1000,797,0,9234,8746,0,6095,4893,0,5600,3541
2,2013,'152190010',106,  ,KG,0,20880,8870,0,0,0,0,0,0,0,6000,2464,0,0,0,0,6600,2763,0,0,0,0,0,0,0,8280,3643,0,0,0,0,0,0,0,0,0,0,0,0
2,2013,'152190010',110,  ,KG,0,168084,119076,0,0,0,0,0,0,0,15300,8891,0,15300,10599,0,30330,21872,0,31230,22829,0,30330,22003,0,15300,11317,0,14994,10322,0,15300,11243,0,0,0,0,0,0
2,2013,'152190010',111,  ,KG,0,6916,4269,0,0,0,0,0,0,0,0,0,0,0,0,0,0,0,0,0,0,0,0,0,0,0,0,0,0,0,0,0,0,0,0,0,0,6916,4269
2,2013,'152190010',205,  ,KG,0,1095,5071,0,0,0,0,0,0,0,0,0,0,0,0,0,0,0,0,1025,4868,0,0,0,0,0,0,0,0,0,0,70,203,0,0,0,0,0,0
2,2013,'152190010',210,  ,KG,0,153,892,0,0,0,0,150,217,0,0,0,0,1,273,0,0,0,0,0,0,0,2,402,0,0,0,0,0,0,0,0,0,0,0,0,0,0,0
2,2013,'152190010',304,  ,KG,0,1450,1415,0,0,0,0,0,0,0,500,442,0,0,0,0,0,0,0,0,0,0,0,0,0,0,0,0,0,0,0,350,352,0,300,311,0,300,310
2,2013,'152190010',321,  ,KG,0,17,816,0,10,473,0,0,0,0,0,0,0,0,0,0,0,0,0,0,0,0,7,343,0,0,0,0,0,0,0,0,0,0,0,0,0,0,0
2,2013,'152190010',410,  ,KG,0,8,250,0,0,0,0,0,0,0,0,0,0,0,0,0,0,0,0,0,0,0,0,0,0,0,0,0,8,250,0,0,0,0,0,0,0,0,0
2,2013,'152190010',413,  ,KG,0,95995,73571,0,10000,6178,0,13456,7585,0,0,0,0,0,0,0,10000,8214,0,10000,7977,0,0,0,0,18602,14861,0,0,0,0,15000,12219,0,0,0,0,18937,16537
2,2013,'152190010',527,  ,KG,0,11972,8739,0,0,0,0,0,0,0,0,0,0,0,0,0,0,0,0,5410,3949,0,0,0,0,6562,4790,0,0,0,0,0,0,0,0,0,0,0,0
2,2013,'152190010',538,  ,KG,0,69000,54561,0,0,0,0,0,0,0,17000,10867,0,0,0,0,0,0,0,17000,13526,0,0,0,0,0,0,0,35000,30168,0,0,0,0,0,0,0,0,0
2,2013,'152190010',543,  ,KG,0,200800,142848,0,51000,30735,0,0,0,0,0,0,0,32300,22006,0,0,0,0,1500,2282,0,18000,12698,0,0,0,0,18000,12720,0,43000,32581,0,0,0,0,37000,29826
2,2013,'152190010',546,  ,KG,0,10000,5908,0,0,0,0,0,0,0,0,0,0,0,0,0,0,0,0,0,0,0,0,0,0,0,0,0,0,0,0,10000,5908,0,0,0,0,0,0
2,2013,'152190010',601,  ,KG,0,101723,81726,0,10848,7032,0,0,0,0,29027,23018,0,9120,6409,0,0,0,0,0,0,0,29611,28159,0,10094,6967,0,0,0,0,8184,6374,0,4839,3767,0,0,0
2,2013,'152190010',606,  ,KG,0,17773,16433,0,6363,5212,0,0,0,0,0,0,0,3145,2892,0,0,0,0,0,0,0,0,0,0,2733,2316,0,0,0,0,0,0,0,0,0,0,5532,6013
2,2013,'152190099',105,  ,KG,0,58,439,0,0,0,0,0,0,0,0,0,0,0,0,0,0,0,0,0,0,0,0,0,0,0,0,0,0,0,0,0,0,0,0,0,0,58,439
2,2013,'152200200',103,  ,KG,0,501790,137381,0,33860,5602,0,73980,16877,0,65920,15746,0,40010,9851,0,34190,11132,0,21840,5069,0,54400,15310,0,80390,22927,0,14400,6063,0,34150,11534,0,48650,17270,0,0,0
2,2013,'152200200',105,  ,KG,0,43200,42213,0,0,0,0,0,0,0,0,0,0,0,0,0,0,0,0,0,0,0,0,0,0,0,0,0,0,0,0,14400,12910,0,28800,29303,0,0,0
2,2013,'152200200',106,  ,KG,0,526120,112117,0,59110,11739,0,18950,3243,0,38920,8283,0,78850,15267,0,39600,8782,0,19630,4011,0,39030,8751,0,56920,13111,0,18820,3813,0,79610,17673,0,39380,8767,0,37300,8677
2,2013,'152200200',110,  ,KG,0,89870,9290,0,0,0,0,0,0,0,0,0,0,15200,1934,0,29600,2427,0,0,0,0,0,0,0,14800,1196,0,0,0,0,0,0,0,30270,3733,0,0,0
2,2013,'152200200',111,  ,KG,0,141930,46518,0,0,0,0,41430,11574,0,0,0,0,20060,7341,0,19950,6166,0,0,0,0,40480,13775,0,20010,7662,0,0,0,0,0,0,0,0,0,0,0,0
2,2013,'152200200',113,  ,KG,0,20390,2887,0,0,0,0,20390,2887,0,0,0,0,0,0,0,0,0,0,0,0,0,0,0,0,0,0,0,0,0,0,0,0,0,0,0,0,0,0
2,2013,'152200200',123,  ,KG,0,175960,109782,0,20870,7752,0,0,0,0,0,0,0,20120,8172,0,20000,27236,0,0,0,0,20000,4072,0,0,0,0,34800,29188,0,39410,26973,0,0,0,0,20760,6389
2,2013,'152200200',137,  ,KG,0,15200,2405,0,0,0,0,0,0,0,0,0,0,15200,2405,0,0,0,0,0,0,0,0,0,0,0,0,0,0,0,0,0,0,0,0,0,0,0,0
2,2013,'152200200',205,  ,KG,0,178120,45986,0,19120,3557,0,0,0,0,19180,5506,0,19180,4995,0,39840,14317,0,22460,6395,0,0,0,0,19300,4102,0,19600,3851,0,0,0,0,19440,3263,0,0,0
2,2013,'152200200',207,  ,KG,0,157660,117590,0,18840,15058,0,0,0,0,20080,18856,0,20160,19095,0,39240,22583,0,18520,15214,0,0,0,0,0,0,0,0,0,0,21080,7176,0,19740,19608,0,0,0
2,2013,'152200200',210,  ,KG,0,20280,5484,0,0,0,0,0,0,0,0,0,0,0,0,0,0,0,0,0,0,0,0,0,0,0,0,0,20280,5484,0,0,0,0,0,0,0,0,0
2,2013,'152200200',217,  ,KG,0,60400,15539,0,0,0,0,21080,5140,0,0,0,0,0,0,0,0,0,0,20040,5665,0,0,0,0,0,0,0,19280,4734,0,0,0,0,0,0,0,0,0
2,2013,'152200200',218,  ,KG,0,541840,134086,0,40040,8744,0,39480,9739,0,61600,18125,0,39680,9898,0,20500,6713,0,60080,16829,0,39440,11206,0,40420,10341,0,40160,10335,0,39680,7503,0,60100,11236,0,60660,13417
2,2013,'152200200',220,  ,KG,0,43730,6527,0,0,0,0,0,0,0,0,0,0,0,0,0,0,0,0,0,0,0,0,0,0,0,0,0,0,0,0,22070,3417,0,0,0,0,21660,3110
2,2013,'152200200',224,  ,KG,0,40640,8008,0,20120,4244,0,0,0,0,0,0,0,0,0,0,0,0,0,0,0,0,0,0,0,20520,3764,0,0,0,0,0,0,0,0,0,0,0,0
2,2013,'152200200',238,  ,KG,0,60640,9908,0,0,0,0,0,0,0,0,0,0,20600,3176,0,0,0,0,19940,3321,0,0,0,0,0,0,0,0,0,0,20100,3411,0,0,0,0,0,0
2,2013,'152200200',304,  ,KG,0,1045183,589986,0,78143,36453,0,59965,33354,0,38881,17483,0,97993,57594,0,140261,81185,0,78089,47813,0,98519,55541,0,59983,34112,0,117207,54007,0,136991,84754,0,79758,50858,0,59393,36832
2,2013,'152200200',305,  ,KG,0,482292,223843,0,40543,18039,0,21600,7640,0,40553,18206,0,19118,11883,0,62123,28056,0,18898,10726,0,40628,19252,0,59526,28294,0,38131,20254,0,81276,34240,0,38296,20127,0,21600,7126
2,2013,'152200200',306,  ,KG,0,82080,12044,0,13680,1802,0,0,0,0,0,0,0,13680,1959,0,0,0,0,13680,2041,0,0,0,0,13680,2004,0,0,0,0,0,0,0,0,0,0,27360,4238
2,2013,'152200200',323,  ,KG,0,81100,8631,0,19180,1883,0,0,0,0,21410,2268,0,20460,2239,0,0,0,0,20050,2241,0,0,0,0,0,0,0,0,0,0,0,0,0,0,0,0,0,0
2,2013,'152200200',401,  ,KG,0,20000,3649,0,0,0,0,20000,3649,0,0,0,0,0,0,0,0,0,0,0,0,0,0,0,0,0,0,0,0,0,0,0,0,0,0,0,0,0,0
2,2013,'152200200',406,  ,KG,0,38880,13224,0,0,0,0,0,0,0,0,0,0,0,0,0,12960,4385,0,0,0,0,0,0,0,0,0,0,12960,4407,0,0,0,0,0,0,0,12960,4432
2,2013,'152200200',407,  ,KG,0,61880,30677,0,22100,9767,0,20010,10252,0,0,0,0,0,0,0,19770,10658,0,0,0,0,0,0,0,0,0,0,0,0,0,0,0,0,0,0,0,0,0
2,2013,'152200200',408,  ,KG,0,160040,37276,0,21000,3422,0,0,0,0,20080,2558,0,20500,12733,0,0,0,0,62070,7450,0,0,0,0,0,0,0,16000,8204,0,20390,2909,0,0,0,0,0,0
2,2013,'152200200',410,  ,KG,0,2047130,700771,0,262950,96470,0,100170,32308,0,140380,51681,0,153250,62672,0,140780,57083,0,240560,86622,0,161830,65837,0,120550,40790,0,260640,91916,0,156500,38741,0,120000,33770,0,189520,42881
2,2013,'152200200',412,  ,KG,0,19980,3821,0,0,0,0,0,0,0,0,0,0,0,0,0,0,0,0,0,0,0,19980,3821,0,0,0,0,0,0,0,0,0,0,0,0,0,0,0
2,2013,'152200200',506,  ,KG,0,76000,11035,0,0,0,0,0,0,0,0,0,0,15200,1936,0,0,0,0,0,0,0,0,0,0,15200,2302,0,0,0,0,15200,2225,0,15200,2231,0,15200,2341
