Exp or Imp,Year,Custom,HS,Country,Unit1,Unit2,Quantity1-Year,Quantity2-Year,Value-Year,Quantity1-Jan,Quantity2-Jan,Value-Jan,Quantity1-Feb,Quantity2-Feb,Value-Feb,Quantity1-Mar,Quantity2-Mar,Value-Mar,Quantity1-Apl,Quantity2-Apl,Value-Apl,Quantity1-May,Quantity2-May,Value-May,Quantity1-Jun,Quantity2-Jun,Value-Jun,Quantity1-Jul,Quantity2-Jul,Value-Jul,Quantity1-Aug,Quantity2-Aug,Value-Aug,Quantity1-Sep,Quantity2-Sep,Value-Sep,Quantity1-Oct,Quantity2-Oct,Value-Oct,Quantity1-Nov,Quantity2-Nov,Value-Nov,Quantity1-Dec,Quantity2-Dec,Value-Dec
2,2005,101,'610130020',105,NO,KG,727,566,4980,0,0,0,0,0,0,0,0,0,0,0,0,0,0,0,0,0,0,0,0,0,0,0,0,0,0,0,727,566,4980,0,0,0,0,0,0
2,2005,101,'610210010',131,NO,KG,545,245,358,0,0,0,0,0,0,0,0,0,0,0,0,0,0,0,0,0,0,0,0,0,0,0,0,0,0,0,0,0,0,545,245,358,0,0,0
2,2005,101,'610210010',205,NO,KG,32,10,1237,0,0,0,0,0,0,0,0,0,0,0,0,0,0,0,0,0,0,0,0,0,32,10,1237,0,0,0,0,0,0,0,0,0,0,0,0
2,2005,101,'610210020',105,NO,KG,1700,1197,16138,0,0,0,0,0,0,0,0,0,0,0,0,0,0,0,0,0,0,0,0,0,0,0,0,0,0,0,0,0,0,850,572,8069,850,625,8069
2,2005,101,'610210020',210,NO,KG,10,3,285,0,0,0,0,0,0,0,0,0,0,0,0,0,0,0,0,0,0,0,0,0,10,3,285,0,0,0,0,0,0,0,0,0,0,0,0
2,2005,101,'610220010',111,NO,KG,1424,712,1010,0,0,0,0,0,0,0,0,0,0,0,0,0,0,0,0,0,0,0,0,0,0,0,0,0,0,0,710,355,542,714,357,468,0,0,0
2,2005,101,'610230011',103,NO,KG,370,185,591,0,0,0,0,0,0,0,0,0,0,0,0,0,0,0,0,0,0,0,0,0,0,0,0,0,0,0,0,0,0,370,185,591,0,0,0
2,2005,101,'610230011',105,NO,KG,150,60,370,0,0,0,0,0,0,0,0,0,0,0,0,0,0,0,0,0,0,0,0,0,0,0,0,150,60,370,0,0,0,0,0,0,0,0,0
2,2005,101,'610230011',131,NO,KG,370,185,235,0,0,0,0,0,0,0,0,0,0,0,0,0,0,0,0,0,0,0,0,0,370,185,235,0,0,0,0,0,0,0,0,0,0,0,0
2,2005,101,'610230019',118,NO,KG,1625,293,1031,0,0,0,0,0,0,0,0,0,0,0,0,0,0,0,0,0,0,1625,293,1031,0,0,0,0,0,0,0,0,0,0,0,0,0,0,0
2,2005,101,'610343020',307,NO,KG,278,172,522,0,0,0,0,0,0,0,0,0,0,0,0,278,172,522,0,0,0,0,0,0,0,0,0,0,0,0,0,0,0,0,0,0,0,0,0
2,2005,101,'610413010',103,NO,KG,174,87,256,0,0,0,0,0,0,0,0,0,174,87,256,0,0,0,0,0,0,0,0,0,0,0,0,0,0,0,0,0,0,0,0,0,0,0,0
2,2005,101,'610413010',105,NO,KG,66373,28226,35670,3617,1625,2743,1711,804,1108,515,232,290,10138,4191,4773,8755,3316,3819,9369,3779,4291,15449,6433,7230,8137,3749,4700,5241,2453,3612,2964,1429,2655,289,136,224,188,79,225
2,2005,101,'610422010',103,NO,KG,400,138,592,0,0,0,0,0,0,0,0,0,0,0,0,0,0,0,0,0,0,200,68,312,200,70,280,0,0,0,0,0,0,0,0,0,0,0,0
2,2005,101,'610422010',111,NO,KG,2564,838,1414,0,0,0,0,0,0,0,0,0,449,157,213,0,0,0,640,192,284,1255,412,706,0,0,0,0,0,0,220,77,211,0,0,0,0,0,0
2,2005,101,'610422010',210,NO,KG,17,30,255,0,0,0,0,0,0,17,30,255,0,0,0,0,0,0,0,0,0,0,0,0,0,0,0,0,0,0,0,0,0,0,0,0,0,0,0
2,2005,101,'610423010',103,NO,KG,2427,863,3001,0,0,0,0,0,0,0,0,0,0,0,0,474,148,510,0,0,0,369,148,206,416,152,540,553,192,821,390,133,553,225,90,371,0,0,0
2,2005,101,'610423010',105,NO,KG,24885,10228,17760,5508,1927,3535,1252,460,812,2579,758,2127,5280,3218,3634,730,292,588,1898,714,869,2249,784,1710,493,138,415,930,323,804,1367,478,1139,641,256,617,1958,880,1510
2,2005,101,'610423010',304,NO,KG,1437,446,2628,0,0,0,149,30,221,383,90,321,0,0,0,0,0,0,253,101,543,391,133,885,0,0,0,261,92,658,0,0,0,0,0,0,0,0,0
2,2005,101,'610423020',210,NO,KG,20,15,282,0,0,0,20,15,282,0,0,0,0,0,0,0,0,0,0,0,0,0,0,0,0,0,0,0,0,0,0,0,0,0,0,0,0,0,0
2,2005,101,'610429010',103,NO,KG,4974,1706,4227,0,0,0,0,0,0,0,0,0,0,0,0,0,0,0,0,0,0,0,0,0,1342,435,1124,3632,1271,3103,0,0,0,0,0,0,0,0,0
2,2005,101,'610431010',123,NO,KG,381,282,496,0,0,0,0,0,0,0,0,0,0,0,0,0,0,0,0,0,0,0,0,0,0,0,0,381,282,496,0,0,0,0,0,0,0,0,0
2,2005,101,'610431010',131,NO,KG,220,99,259,0,0,0,0,0,0,0,0,0,0,0,0,0,0,0,0,0,0,0,0,0,0,0,0,0,0,0,0,0,0,220,99,259,0,0,0
2,2005,101,'610431020',210,NO,KG,35,10,815,0,0,0,0,0,0,0,0,0,0,0,0,0,0,0,0,0,0,35,10,815,0,0,0,0,0,0,0,0,0,0,0,0,0,0,0
2,2005,101,'610432010',105,NO,KG,10,3,228,0,0,0,0,0,0,10,3,228,0,0,0,0,0,0,0,0,0,0,0,0,0,0,0,0,0,0,0,0,0,0,0,0,0,0,0
2,2005,101,'610432010',111,NO,KG,3370,1577,2718,0,0,0,0,0,0,0,0,0,0,0,0,0,0,0,0,0,0,781,344,933,0,0,0,884,408,712,440,220,268,1265,605,805,0,0,0
2,2005,101,'610432010',131,NO,KG,340,170,293,0,0,0,0,0,0,0,0,0,0,0,0,0,0,0,0,0,0,0,0,0,340,170,293,0,0,0,0,0,0,0,0,0,0,0,0
2,2005,101,'610432010',220,NO,KG,93,47,316,0,0,0,0,0,0,93,47,316,0,0,0,0,0,0,0,0,0,0,0,0,0,0,0,0,0,0,0,0,0,0,0,0,0,0,0
2,2005,101,'610432010',304,NO,KG,868,388,2903,0,0,0,0,0,0,0,0,0,0,0,0,0,0,0,0,0,0,0,0,0,281,112,678,49,27,304,481,223,1663,0,0,0,57,26,258
2,2005,101,'610433010',103,NO,KG,5295,2397,7348,0,0,0,0,0,0,0,0,0,0,0,0,0,0,0,0,0,0,315,131,285,1900,910,2141,1464,582,2378,1323,630,2034,293,144,510,0,0,0
2,2005,101,'610433010',105,NO,KG,84330,33941,53215,4660,2112,2756,0,0,0,3701,1228,1636,9282,3297,4163,5090,1859,2551,5830,1839,2692,8960,3065,4568,11196,3971,6424,7586,3538,5580,10340,4911,8063,13770,6458,12227,3915,1663,2555
2,2005,101,'610433010',210,NO,KG,30,8,222,0,0,0,0,0,0,0,0,0,0,0,0,0,0,0,0,0,0,30,8,222,0,0,0,0,0,0,0,0,0,0,0,0,0,0,0
2,2005,101,'610433010',304,NO,KG,277,74,526,0,0,0,0,0,0,0,0,0,27,11,293,0,0,0,0,0,0,250,63,233,0,0,0,0,0,0,0,0,0,0,0,0,0,0,0
2,2005,101,'610439020',105,NO,KG,435,171,2378,0,0,0,0,0,0,265,112,1145,0,0,0,0,0,0,0,0,0,0,0,0,0,0,0,0,0,0,0,0,0,0,0,0,170,59,1233
2,2005,101,'610441010',103,NO,KG,166,75,352,0,0,0,0,0,0,0,0,0,0,0,0,0,0,0,0,0,0,0,0,0,0,0,0,0,0,0,0,0,0,166,75,352,0,0,0
2,2005,101,'610442010',103,NO,KG,150,68,322,0,0,0,0,0,0,0,0,0,0,0,0,0,0,0,0,0,0,150,68,322,0,0,0,0,0,0,0,0,0,0,0,0,0,0,0
2,2005,101,'610442010',105,NO,KG,298,75,452,0,0,0,0,0,0,0,0,0,0,0,0,0,0,0,0,0,0,0,0,0,298,75,452,0,0,0,0,0,0,0,0,0,0,0,0
2,2005,101,'610442010',111,NO,KG,6047,2448,7343,315,142,278,0,0,0,0,0,0,0,0,0,0,0,0,0,0,0,670,187,786,725,290,1080,1419,463,1800,2151,982,2206,445,234,668,322,150,525
2,2005,101,'610442010',210,NO,KG,67,15,459,0,0,0,0,0,0,67,15,459,0,0,0,0,0,0,0,0,0,0,0,0,0,0,0,0,0,0,0,0,0,0,0,0,0,0,0
2,2005,101,'610443010',103,NO,KG,34091,14997,68761,0,0,0,0,0,0,2101,917,2574,2144,804,3204,1289,463,1972,2560,1160,3826,4917,2170,6166,4028,1761,8971,4359,1919,9703,3145,1433,8558,5996,2692,14606,3552,1678,9181
2,2005,101,'610443010',105,NO,KG,488011,201686,313998,26872,12039,18143,6969,3360,4172,20034,8631,12670,48562,17982,27545,38623,13220,25549,33269,12224,21775,29316,10856,18752,34694,14087,21054,50933,22046,31893,63035,27846,40518,75121,32956,50095,60583,26439,41832
2,2005,101,'610443010',111,NO,KG,3362,1278,2046,0,0,0,0,0,0,0,0,0,2098,734,654,0,0,0,0,0,0,0,0,0,0,0,0,0,0,0,0,0,0,0,0,0,1264,544,1392
2,2005,101,'610443010',304,NO,KG,34984,12946,60099,3743,1419,5420,2740,968,3635,2647,930,3887,4098,1397,6410,3452,1192,5190,2153,730,3666,4398,1481,7879,1983,763,3578,2399,998,4842,3212,1364,6226,1626,658,3308,2533,1046,6058
2,2005,101,'610443020',304,NO,KG,754,106,916,0,0,0,0,0,0,0,0,0,0,0,0,0,0,0,0,0,0,377,53,530,0,0,0,377,53,386,0,0,0,0,0,0,0,0,0
2,2005,101,'610444010',103,NO,KG,386,166,328,0,0,0,0,0,0,0,0,0,0,0,0,0,0,0,0,0,0,386,166,328,0,0,0,0,0,0,0,0,0,0,0,0,0,0,0
2,2005,101,'610444010',118,NO,KG,1060,298,558,0,0,0,0,0,0,0,0,0,0,0,0,660,198,347,400,100,211,0,0,0,0,0,0,0,0,0,0,0,0,0,0,0,0,0,0
2,2005,101,'610444010',210,NO,KG,3,1,258,0,0,0,0,0,0,3,1,258,0,0,0,0,0,0,0,0,0,0,0,0,0,0,0,0,0,0,0,0,0,0,0,0,0,0,0
2,2005,101,'610449010',304,NO,KG,1098,391,4977,0,0,0,0,0,0,0,0,0,0,0,0,46,14,298,537,166,485,28,8,228,81,30,631,113,51,880,131,59,1122,43,19,399,119,44,934
2,2005,101,'610451020',210,NO,KG,25,10,303,0,0,0,0,0,0,0,0,0,0,0,0,0,0,0,0,0,0,25,10,303,0,0,0,0,0,0,0,0,0,0,0,0,0,0,0
2,2005,101,'610452010',103,NO,KG,2224,556,1189,0,0,0,0,0,0,0,0,0,0,0,0,0,0,0,2224,556,1189,0,0,0,0,0,0,0,0,0,0,0,0,0,0,0,0,0,0
2,2005,101,'610452010',220,NO,KG,114,46,260,0,0,0,0,0,0,114,46,260,0,0,0,0,0,0,0,0,0,0,0,0,0,0,0,0,0,0,0,0,0,0,0,0,0,0,0
2,2005,101,'610452020',105,NO,KG,522,204,467,0,0,0,0,0,0,0,0,0,0,0,0,0,0,0,0,0,0,0,0,0,0,0,0,522,204,467,0,0,0,0,0,0,0,0,0
2,2005,101,'610453010',103,NO,KG,178043,50335,197868,0,0,0,0,0,0,9737,2785,8960,11399,3125,9756,11580,3185,9805,15452,4332,11754,23215,6393,17777,18742,5221,21298,26913,7717,33540,25377,7461,34480,21684,6323,31314,13944,3793,19184
2,2005,101,'610453010',105,NO,KG,469450,137669,234205,32765,9583,14254,3561,1007,1588,37225,10906,17040,52574,14231,24198,26109,7494,11695,31619,8895,13828,52619,14852,23881,46606,13959,22879,88920,27533,48180,44544,13945,25219,31166,9218,18371,21742,6046,13072
2,2005,101,'610453010',118,NO,KG,290,145,256,0,0,0,0,0,0,0,0,0,0,0,0,0,0,0,0,0,0,0,0,0,0,0,0,290,145,256,0,0,0,0,0,0,0,0,0
2,2005,101,'610453010',210,NO,KG,119,49,947,0,0,0,21,8,323,0,0,0,0,0,0,0,0,0,0,0,0,30,10,356,0,0,0,68,31,268,0,0,0,0,0,0,0,0,0
2,2005,101,'610453010',304,NO,KG,8899,2396,8923,1479,409,1177,1415,283,1006,500,125,439,1203,284,1146,368,97,559,558,148,701,1021,340,1157,0,0,0,993,322,1138,372,100,389,990,288,1211,0,0,0
2,2005,101,'610453020',105,NO,KG,2549,679,1404,0,0,0,0,0,0,0,0,0,0,0,0,0,0,0,0,0,0,477,112,288,1675,412,904,397,155,212,0,0,0,0,0,0,0,0,0
2,2005,101,'610453020',304,NO,KG,298,47,473,0,0,0,0,0,0,0,0,0,0,0,0,0,0,0,298,47,473,0,0,0,0,0,0,0,0,0,0,0,0,0,0,0,0,0,0
2,2005,101,'610459011',103,NO,KG,7373,2073,6899,0,0,0,0,0,0,0,0,0,0,0,0,429,60,208,0,0,0,0,0,0,1411,390,1418,1469,438,1404,1894,543,1608,1198,360,1322,972,282,939
2,2005,101,'610459020',105,NO,KG,225,103,670,0,0,0,0,0,0,225,103,670,0,0,0,0,0,0,0,0,0,0,0,0,0,0,0,0,0,0,0,0,0,0,0,0,0,0,0
2,2005,101,'610459020',210,NO,KG,46,10,370,46,10,370,0,0,0,0,0,0,0,0,0,0,0,0,0,0,0,0,0,0,0,0,0,0,0,0,0,0,0,0,0,0,0,0,0
2,2005,101,'610462010',103,NO,KG,93285,25898,48867,0,0,0,0,0,0,342,103,201,1080,304,503,12700,3516,4175,9687,2567,3197,15180,4015,6056,4538,1211,1610,5008,1397,2722,8594,2381,5496,17845,5112,12222,18311,5292,12685
2,2005,101,'610462010',105,NO,KG,33,10,247,0,0,0,0,0,0,33,10,247,0,0,0,0,0,0,0,0,0,0,0,0,0,0,0,0,0,0,0,0,0,0,0,0,0,0,0
2,2005,101,'610462010',111,NO,KG,11128,2896,2397,0,0,0,0,0,0,0,0,0,0,0,0,4565,1091,525,2120,572,266,2568,684,521,0,0,0,480,144,254,0,0,0,0,0,0,1395,405,831
2,2005,101,'610462020',106,NO,KG,490,130,710,0,0,0,0,0,0,0,0,0,0,0,0,0,0,0,210,80,298,0,0,0,0,0,0,0,0,0,280,50,412,0,0,0,0,0,0
2,2005,101,'610463010',103,NO,KG,176423,48922,98379,0,0,0,0,0,0,7656,2174,3960,12204,3269,6564,15308,4218,5651,7186,1985,3318,29141,7859,13179,31516,8732,17458,27631,7734,15141,14479,4245,11340,15145,4236,10456,16157,4470,11312
2,2005,101,'610463010',105,NO,KG,383743,106430,156001,19608,5381,8348,4636,1356,2653,32809,9458,12691,50703,13476,20324,47631,13279,17461,41414,11034,15411,37561,10201,11866,21094,5684,8930,29081,8269,10962,46950,13965,22091,31921,8909,15518,20335,5418,9746
2,2005,101,'610463010',111,NO,KG,5250,1452,672,0,0,0,0,0,0,0,0,0,0,0,0,0,0,0,0,0,0,1800,486,226,3450,966,446,0,0,0,0,0,0,0,0,0,0,0,0
2,2005,101,'610463010',210,NO,KG,880,200,2757,0,0,0,0,0,0,192,60,689,154,30,338,0,0,0,0,0,0,0,0,0,0,0,0,0,0,0,215,40,469,223,60,1047,96,10,214
2,2005,101,'610463010',304,NO,KG,1162,307,3232,0,0,0,0,0,0,170,43,280,99,27,216,159,48,201,196,39,204,0,0,0,0,0,0,0,0,0,367,101,1389,125,37,496,46,12,446
2,2005,101,'610463020',205,NO,KG,435,100,333,0,0,0,0,0,0,0,0,0,0,0,0,0,0,0,0,0,0,0,0,0,0,0,0,435,100,333,0,0,0,0,0,0,0,0,0
2,2005,101,'610463020',304,NO,KG,295,65,475,115,30,272,0,0,0,0,0,0,0,0,0,0,0,0,0,0,0,0,0,0,0,0,0,180,35,203,0,0,0,0,0,0,0,0,0
2,2005,101,'610469010',103,NO,KG,23665,6410,9623,0,0,0,0,0,0,0,0,0,0,0,0,1129,316,249,1604,441,482,2545,658,785,0,0,0,791,221,321,6008,1663,2546,6775,1778,2983,4813,1333,2257
2,2005,101,'610469010',106,NO,KG,320,55,491,0,0,0,0,0,0,0,0,0,0,0,0,0,0,0,180,40,272,0,0,0,0,0,0,0,0,0,140,15,219,0,0,0,0,0,0
2,2005,101,'610469020',108,NO,KG,205,30,326,0,0,0,0,0,0,0,0,0,0,0,0,0,0,0,0,0,0,0,0,0,0,0,0,0,0,0,205,30,326,0,0,0,0,0,0
2,2005,101,'610510011',103,NO,KG,698,102,640,0,0,0,0,0,0,0,0,0,0,0,0,0,0,0,0,0,0,0,0,0,0,0,0,0,0,0,698,102,640,0,0,0,0,0,0
2,2005,101,'610510011',129,NO,KG,182,120,589,0,0,0,0,0,0,182,120,589,0,0,0,0,0,0,0,0,0,0,0,0,0,0,0,0,0,0,0,0,0,0,0,0,0,0,0
2,2005,101,'610510011',304,NO,KG,473,216,2459,0,0,0,51,28,251,0,0,0,243,113,1301,110,50,544,0,0,0,69,25,363,0,0,0,0,0,0,0,0,0,0,0,0,0,0,0
2,2005,101,'610510012',103,NO,KG,1041,267,2667,0,0,0,0,0,0,0,0,0,845,228,2465,0,0,0,0,0,0,0,0,0,0,0,0,196,39,202,0,0,0,0,0,0,0,0,0
2,2005,101,'610510012',205,NO,KG,240,30,229,0,0,0,0,0,0,0,0,0,240,30,229,0,0,0,0,0,0,0,0,0,0,0,0,0,0,0,0,0,0,0,0,0,0,0,0
2,2005,101,'610510012',304,NO,KG,866,225,940,866,225,940,0,0,0,0,0,0,0,0,0,0,0,0,0,0,0,0,0,0,0,0,0,0,0,0,0,0,0,0,0,0,0,0,0
2,2005,101,'610510020',304,NO,KG,289,105,399,289,105,399,0,0,0,0,0,0,0,0,0,0,0,0,0,0,0,0,0,0,0,0,0,0,0,0,0,0,0,0,0,0,0,0,0
2,2005,101,'610510020',305,NO,KG,200,70,478,0,0,0,200,70,478,0,0,0,0,0,0,0,0,0,0,0,0,0,0,0,0,0,0,0,0,0,0,0,0,0,0,0,0,0,0
2,2005,101,'610520011',103,NO,KG,181,20,206,0,0,0,0,0,0,0,0,0,0,0,0,0,0,0,0,0,0,0,0,0,0,0,0,0,0,0,181,20,206,0,0,0,0,0,0
2,2005,101,'610610011',103,NO,KG,45296,5846,16924,0,0,0,0,0,0,1287,137,633,4477,537,1562,7338,916,3146,12557,1599,4782,13130,1720,3885,4267,512,1594,461,69,432,1194,239,623,585,117,267,0,0,0
2,2005,101,'610610011',105,NO,KG,2903,413,1786,0,0,0,0,0,0,430,95,506,2473,318,1280,0,0,0,0,0,0,0,0,0,0,0,0,0,0,0,0,0,0,0,0,0,0,0,0
2,2005,101,'610610011',111,NO,KG,35712,4677,13869,3343,442,1612,2413,314,1214,8486,1110,3319,7344,1117,2424,6136,681,1805,0,0,0,2769,330,1109,4076,538,1754,1145,145,632,0,0,0,0,0,0,0,0,0
2,2005,101,'610610011',118,NO,KG,3449,486,1843,0,0,0,0,0,0,0,0,0,550,110,250,1280,154,658,494,59,249,770,92,444,0,0,0,355,71,242,0,0,0,0,0,0,0,0,0
2,2005,101,'610610011',123,NO,KG,1750,140,531,0,0,0,0,0,0,0,0,0,0,0,0,0,0,0,1750,140,531,0,0,0,0,0,0,0,0,0,0,0,0,0,0,0,0,0,0
2,2005,101,'610610011',210,NO,KG,1039,153,1458,175,35,411,471,57,442,0,0,0,0,0,0,181,36,291,212,25,314,0,0,0,0,0,0,0,0,0,0,0,0,0,0,0,0,0,0
2,2005,101,'610610011',304,NO,KG,11084,1257,11869,594,119,406,537,74,482,3260,330,2741,2696,286,2280,1101,117,761,220,24,277,1089,120,1318,137,16,211,0,0,0,259,32,688,415,58,995,776,81,1710
2,2005,101,'610610012',210,NO,KG,132,15,413,0,0,0,0,0,0,0,0,0,0,0,0,0,0,0,0,0,0,0,0,0,132,15,413,0,0,0,0,0,0,0,0,0,0,0,0
2,2005,101,'610610012',220,NO,KG,110,15,520,0,0,0,0,0,0,36,5,310,74,10,210,0,0,0,0,0,0,0,0,0,0,0,0,0,0,0,0,0,0,0,0,0,0,0,0
2,2005,101,'610610012',304,NO,KG,1603,225,1504,0,0,0,0,0,0,0,0,0,630,106,688,973,119,816,0,0,0,0,0,0,0,0,0,0,0,0,0,0,0,0,0,0,0,0,0
2,2005,101,'610620011',103,NO,KG,214136,29339,161400,0,0,0,0,0,0,9058,1214,6264,17374,2273,10595,18925,2476,10451,30070,3830,15182,27366,3466,12705,26856,3452,21434,20879,2964,19927,26099,4042,24444,23866,3699,24607,13643,1923,15791
2,2005,101,'610620011',105,NO,KG,1119423,152914,454056,65004,9839,26008,24102,3860,9195,91842,12160,34581,142529,16350,55988,108828,14346,43609,112476,13199,42858,116182,13899,42627,72190,9082,29217,106532,16415,43440,105833,16571,52009,85540,13414,37480,88365,13779,37044
2,2005,101,'610620011',111,NO,KG,5145,685,2213,0,0,0,0,0,0,2280,319,1154,2597,312,796,0,0,0,0,0,0,0,0,0,0,0,0,0,0,0,0,0,0,268,54,263,0,0,0
2,2005,101,'610620011',118,NO,KG,1960,371,1484,0,0,0,0,0,0,0,0,0,0,0,0,660,99,278,0,0,0,0,0,0,0,0,0,500,112,545,800,160,661,0,0,0,0,0,0
2,2005,101,'610620011',210,NO,KG,2986,678,13358,265,63,834,150,30,545,1172,250,5374,586,130,2774,0,0,0,0,0,0,573,130,2571,0,0,0,170,60,902,70,15,358,0,0,0,0,0,0
2,2005,101,'610620011',220,NO,KG,1446,260,2484,97,21,222,0,0,0,420,84,887,232,28,513,0,0,0,542,108,631,155,19,231,0,0,0,0,0,0,0,0,0,0,0,0,0,0,0
2,2005,101,'610620011',304,NO,KG,39960,5031,37936,5036,681,3417,2215,294,1588,4698,520,3744,5971,663,4673,4406,578,4380,2165,240,2204,3495,465,3774,1515,212,1694,3024,510,3335,3309,402,3668,1886,234,2125,2240,232,3334
2,2005,101,'610620012',103,NO,KG,38942,5466,19634,0,0,0,0,0,0,0,0,0,1065,149,578,8983,1211,3732,8624,1135,4169,7155,872,2840,1942,281,1497,2242,277,1326,1895,336,1313,4325,801,2479,2711,404,1700
2,2005,101,'610620012',105,NO,KG,510,64,528,0,0,0,0,0,0,0,0,0,510,64,528,0,0,0,0,0,0,0,0,0,0,0,0,0,0,0,0,0,0,0,0,0,0,0,0
2,2005,101,'610620012',118,NO,KG,2422,315,1321,642,77,365,0,0,0,0,0,0,0,0,0,0,0,0,0,0,0,1030,124,510,452,54,243,298,60,203,0,0,0,0,0,0,0,0,0
2,2005,101,'610690011',210,NO,KG,97,3,580,0,0,0,0,0,0,0,0,0,0,0,0,0,0,0,0,0,0,97,3,580,0,0,0,0,0,0,0,0,0,0,0,0,0,0,0
2,2005,101,'610690012',103,NO,KG,7379,886,3339,0,0,0,0,0,0,0,0,0,0,0,0,7379,886,3339,0,0,0,0,0,0,0,0,0,0,0,0,0,0,0,0,0,0,0,0,0
2,2005,101,'610690012',105,NO,KG,58,30,885,0,0,0,0,0,0,0,0,0,58,30,885,0,0,0,0,0,0,0,0,0,0,0,0,0,0,0,0,0,0,0,0,0,0,0,0
2,2005,101,'610690012',304,NO,KG,35,7,203,0,0,0,0,0,0,0,0,0,0,0,0,0,0,0,0,0,0,0,0,0,0,0,0,0,0,0,35,7,203,0,0,0,0,0,0
2,2005,101,'610690013',118,NO,KG,485,97,331,0,0,0,0,0,0,0,0,0,0,0,0,0,0,0,0,0,0,0,0,0,0,0,0,0,0,0,485,97,331,0,0,0,0,0,0
2,2005,101,'610822000',103,NO,KG,430,38,512,0,0,0,0,0,0,0,0,0,0,0,0,0,0,0,0,0,0,0,0,0,204,20,216,0,0,0,226,18,296,0,0,0,0,0,0
2,2005,101,'610822000',105,NO,KG,888,56,432,0,0,0,0,0,0,0,0,0,0,0,0,0,0,0,0,0,0,888,56,432,0,0,0,0,0,0,0,0,0,0,0,0,0,0,0
2,2005,101,'610822000',111,NO,KG,932,140,441,0,0,0,0,0,0,0,0,0,932,140,441,0,0,0,0,0,0,0,0,0,0,0,0,0,0,0,0,0,0,0,0,0,0,0,0
2,2005,101,'610822000',304,NO,KG,2487,197,1479,0,0,0,0,0,0,0,0,0,410,41,388,0,0,0,311,31,206,250,9,273,0,0,0,0,0,0,1516,116,612,0,0,0,0,0,0
2,2005,101,'610891020',205,NO,KG,3289,191,2273,0,0,0,696,41,429,948,52,616,1645,98,1228,0,0,0,0,0,0,0,0,0,0,0,0,0,0,0,0,0,0,0,0,0,0,0,0
2,2005,101,'610892020',205,NO,KG,2389,203,1713,0,0,0,0,0,0,0,0,0,0,0,0,0,0,0,0,0,0,0,0,0,0,0,0,1762,163,1243,627,40,470,0,0,0,0,0,0
2,2005,101,'610910011',103,NO,KG,4120,447,1435,0,0,0,0,0,0,0,0,0,0,0,0,4120,447,1435,0,0,0,0,0,0,0,0,0,0,0,0,0,0,0,0,0,0,0,0,0
2,2005,101,'610910011',105,NO,KG,1000,350,1104,0,0,0,0,0,0,0,0,0,0,0,0,0,0,0,0,0,0,0,0,0,0,0,0,1000,350,1104,0,0,0,0,0,0,0,0,0
2,2005,101,'610910011',111,NO,KG,27663,3750,5743,0,0,0,0,0,0,0,0,0,2586,294,555,4739,801,768,3649,429,769,9824,1150,1954,4655,653,999,1430,329,447,780,94,251,0,0,0,0,0,0
2,2005,101,'610910011',205,NO,KG,1279,179,5723,0,0,0,0,0,0,0,0,0,422,50,1839,351,49,1557,0,0,0,0,0,0,0,0,0,506,80,2327,0,0,0,0,0,0,0,0,0
2,2005,101,'610910011',210,NO,KG,125,20,216,0,0,0,0,0,0,0,0,0,0,0,0,0,0,0,0,0,0,0,0,0,0,0,0,0,0,0,0,0,0,0,0,0,125,20,216
2,2005,101,'610910011',220,NO,KG,81,8,312,0,0,0,0,0,0,0,0,0,81,8,312,0,0,0,0,0,0,0,0,0,0,0,0,0,0,0,0,0,0,0,0,0,0,0,0
2,2005,101,'610910011',304,NO,KG,4879,1443,4075,0,0,0,0,0,0,0,0,0,0,0,0,537,43,239,0,0,0,0,0,0,0,0,0,0,0,0,400,100,319,0,0,0,3942,1300,3517
2,2005,101,'610910012',105,NO,KG,1100,165,698,0,0,0,0,0,0,1100,165,698,0,0,0,0,0,0,0,0,0,0,0,0,0,0,0,0,0,0,0,0,0,0,0,0,0,0,0
2,2005,101,'610910012',111,NO,KG,11672,1159,2578,0,0,0,0,0,0,0,0,0,2071,249,434,6128,490,1164,3473,420,980,0,0,0,0,0,0,0,0,0,0,0,0,0,0,0,0,0,0
2,2005,101,'610910012',210,NO,KG,438,110,1138,0,0,0,0,0,0,328,80,719,110,30,419,0,0,0,0,0,0,0,0,0,0,0,0,0,0,0,0,0,0,0,0,0,0,0,0
2,2005,101,'610910012',213,NO,KG,99,16,361,0,0,0,0,0,0,0,0,0,99,16,361,0,0,0,0,0,0,0,0,0,0,0,0,0,0,0,0,0,0,0,0,0,0,0,0
2,2005,101,'610910012',220,NO,KG,76,12,258,0,0,0,0,0,0,76,12,258,0,0,0,0,0,0,0,0,0,0,0,0,0,0,0,0,0,0,0,0,0,0,0,0,0,0,0
2,2005,101,'610910012',302,NO,KG,2185,697,5595,0,0,0,0,0,0,0,0,0,0,0,0,240,53,433,1341,342,2540,0,0,0,604,302,2622,0,0,0,0,0,0,0,0,0,0,0,0
2,2005,101,'610910012',304,NO,KG,19065,3801,24056,138,34,293,3946,643,3975,2971,588,3044,3456,779,3846,1518,318,1666,994,192,1585,1100,236,2261,1550,435,3104,193,46,545,1412,211,530,0,0,0,1787,319,3207
2,2005,101,'610910012',401,NO,KG,105,65,571,0,0,0,0,0,0,105,65,571,0,0,0,0,0,0,0,0,0,0,0,0,0,0,0,0,0,0,0,0,0,0,0,0,0,0,0
2,2005,101,'610910020',105,NO,KG,3340,373,999,0,0,0,0,0,0,2674,254,666,0,0,0,666,119,333,0,0,0,0,0,0,0,0,0,0,0,0,0,0,0,0,0,0,0,0,0
2,2005,101,'610910020',205,NO,KG,3474,275,2463,0,0,0,474,27,372,1116,62,834,814,42,561,0,0,0,0,0,0,0,0,0,1070,144,696,0,0,0,0,0,0,0,0,0,0,0,0
2,2005,101,'610910020',210,NO,KG,38,13,262,0,0,0,0,0,0,38,13,262,0,0,0,0,0,0,0,0,0,0,0,0,0,0,0,0,0,0,0,0,0,0,0,0,0,0,0
2,2005,101,'610910020',220,NO,KG,295,34,1202,0,0,0,0,0,0,215,27,843,80,7,359,0,0,0,0,0,0,0,0,0,0,0,0,0,0,0,0,0,0,0,0,0,0,0,0
2,2005,101,'610910020',304,NO,KG,78873,13722,37308,1691,357,1013,18866,2566,7111,6144,1163,8883,15556,2549,4228,6741,1272,2257,7399,1484,3214,6438,1248,2455,7610,1497,3567,3237,665,2831,689,124,297,1918,333,713,2584,464,739
2,2005,101,'610910020',305,NO,KG,195,58,436,0,0,0,0,0,0,0,0,0,0,0,0,0,0,0,0,0,0,0,0,0,0,0,0,195,58,436,0,0,0,0,0,0,0,0,0
2,2005,101,'610990012',103,NO,KG,14737,2041,6818,0,0,0,0,0,0,12032,1667,5429,2705,374,1389,0,0,0,0,0,0,0,0,0,0,0,0,0,0,0,0,0,0,0,0,0,0,0,0
2,2005,101,'610990012',105,NO,KG,748153,93594,285384,73316,9297,27147,20335,2788,7920,54988,6974,19574,65781,7538,22982,38154,4750,12504,56202,6553,18819,72259,8530,26514,67651,8473,25898,89804,11786,35109,55643,7591,25099,74488,9378,31377,79532,9936,32441
2,2005,101,'610990012',220,NO,KG,67,7,334,0,0,0,0,0,0,0,0,0,67,7,334,0,0,0,0,0,0,0,0,0,0,0,0,0,0,0,0,0,0,0,0,0,0,0,0
2,2005,101,'610990012',304,NO,KG,5436,826,5369,0,0,0,323,39,266,0,0,0,798,142,594,1170,147,1494,1532,220,1363,663,108,1030,420,100,269,0,0,0,0,0,0,0,0,0,530,70,353
2,2005,101,'610990013',103,NO,KG,3249,388,1252,0,0,0,0,0,0,1909,267,860,0,0,0,1340,121,392,0,0,0,0,0,0,0,0,0,0,0,0,0,0,0,0,0,0,0,0,0
2,2005,101,'610990013',210,NO,KG,227,39,658,0,0,0,0,0,0,0,0,0,227,39,658,0,0,0,0,0,0,0,0,0,0,0,0,0,0,0,0,0,0,0,0,0,0,0,0
2,2005,101,'610990016',304,NO,KG,2621,385,1872,0,0,0,0,0,0,0,0,0,0,0,0,0,0,0,963,153,733,829,116,610,0,0,0,829,116,529,0,0,0,0,0,0,0,0,0
2,2005,101,'610990017',210,NO,KG,168,50,431,0,0,0,0,0,0,168,50,431,0,0,0,0,0,0,0,0,0,0,0,0,0,0,0,0,0,0,0,0,0,0,0,0,0,0,0
2,2005,101,'610990021',205,NO,KG,4993,453,4127,0,0,0,0,0,0,0,0,0,0,0,0,0,0,0,0,0,0,0,0,0,0,0,0,3400,307,2784,972,80,791,0,0,0,621,66,552
2,2005,101,'610990021',220,NO,KG,21,4,217,0,0,0,0,0,0,0,0,0,21,4,217,0,0,0,0,0,0,0,0,0,0,0,0,0,0,0,0,0,0,0,0,0,0,0,0
2,2005,101,'610990021',304,NO,KG,4362,836,3409,2401,550,1910,0,0,0,0,0,0,0,0,0,0,0,0,1961,286,1499,0,0,0,0,0,0,0,0,0,0,0,0,0,0,0,0,0,0
2,2005,101,'610990029',304,NO,KG,6248,1192,3893,0,0,0,699,92,693,1723,350,1114,3826,750,2086,0,0,0,0,0,0,0,0,0,0,0,0,0,0,0,0,0,0,0,0,0,0,0,0
2,2005,101,'611011010',205,NO,KG,144,56,734,0,0,0,0,0,0,0,0,0,0,0,0,0,0,0,0,0,0,144,56,734,0,0,0,0,0,0,0,0,0,0,0,0,0,0,0
2,2005,101,'611011010',210,NO,KG,134,32,1876,0,0,0,0,0,0,0,0,0,0,0,0,0,0,0,0,0,0,35,10,465,99,22,1411,0,0,0,0,0,0,0,0,0,0,0,0
2,2005,101,'611011020',210,NO,KG,172,50,2386,0,0,0,0,0,0,0,0,0,0,0,0,0,0,0,0,0,0,60,15,714,65,15,1048,47,20,624,0,0,0,0,0,0,0,0,0
2,2005,101,'611011020',218,NO,KG,21,3,229,0,0,0,0,0,0,0,0,0,0,0,0,0,0,0,0,0,0,0,0,0,0,0,0,21,3,229,0,0,0,0,0,0,0,0,0
2,2005,101,'611011020',220,NO,KG,94,28,3240,0,0,0,0,0,0,0,0,0,0,0,0,0,0,0,0,0,0,0,0,0,94,28,3240,0,0,0,0,0,0,0,0,0,0,0,0
2,2005,101,'611012010',213,NO,KG,15,5,278,0,0,0,0,0,0,0,0,0,0,0,0,0,0,0,0,0,0,0,0,0,0,0,0,15,5,278,0,0,0,0,0,0,0,0,0
2,2005,101,'611012010',220,NO,KG,4,2,213,0,0,0,0,0,0,0,0,0,4,2,213,0,0,0,0,0,0,0,0,0,0,0,0,0,0,0,0,0,0,0,0,0,0,0,0
2,2005,101,'611012020',108,NO,KG,16,3,204,0,0,0,0,0,0,0,0,0,0,0,0,0,0,0,0,0,0,0,0,0,0,0,0,16,3,204,0,0,0,0,0,0,0,0,0
2,2005,101,'611012020',220,NO,KG,19,9,498,0,0,0,0,0,0,0,0,0,19,9,498,0,0,0,0,0,0,0,0,0,0,0,0,0,0,0,0,0,0,0,0,0,0,0,0
2,2005,101,'611020011',304,NO,KG,1149,758,2341,49,28,247,0,0,0,0,0,0,0,0,0,0,0,0,0,0,0,0,0,0,404,283,944,175,113,233,387,264,457,0,0,0,134,70,460
2,2005,101,'611020019',105,NO,KG,27,7,243,0,0,0,0,0,0,27,7,243,0,0,0,0,0,0,0,0,0,0,0,0,0,0,0,0,0,0,0,0,0,0,0,0,0,0,0
2,2005,101,'611020019',205,NO,KG,72,10,459,72,10,459,0,0,0,0,0,0,0,0,0,0,0,0,0,0,0,0,0,0,0,0,0,0,0,0,0,0,0,0,0,0,0,0,0
2,2005,101,'611020019',210,NO,KG,65,33,752,0,0,0,33,10,201,0,0,0,32,23,551,0,0,0,0,0,0,0,0,0,0,0,0,0,0,0,0,0,0,0,0,0,0,0,0
2,2005,101,'611020019',220,NO,KG,410,82,4215,228,45,2708,44,8,761,138,29,746,0,0,0,0,0,0,0,0,0,0,0,0,0,0,0,0,0,0,0,0,0,0,0,0,0,0,0
2,2005,101,'611020019',230,NO,KG,96,25,449,0,0,0,0,0,0,96,25,449,0,0,0,0,0,0,0,0,0,0,0,0,0,0,0,0,0,0,0,0,0,0,0,0,0,0,0
2,2005,101,'611020019',234,NO,KG,108,28,390,0,0,0,0,0,0,108,28,390,0,0,0,0,0,0,0,0,0,0,0,0,0,0,0,0,0,0,0,0,0,0,0,0,0,0,0
2,2005,101,'611020019',304,NO,KG,1508,560,1376,0,0,0,1188,480,909,0,0,0,0,0,0,0,0,0,0,0,0,0,0,0,320,80,467,0,0,0,0,0,0,0,0,0,0,0,0
2,2005,101,'611020021',302,NO,KG,530,201,1987,0,0,0,0,0,0,0,0,0,0,0,0,0,0,0,0,0,0,0,0,0,0,0,0,139,69,598,315,75,1064,76,57,325,0,0,0
2,2005,101,'611020021',304,NO,KG,898,369,1689,0,0,0,0,0,0,0,0,0,0,0,0,0,0,0,0,0,0,0,0,0,683,240,1051,215,129,638,0,0,0,0,0,0,0,0,0
2,2005,101,'611020029',105,NO,KG,74,35,685,0,0,0,38,10,314,0,0,0,36,25,371,0,0,0,0,0,0,0,0,0,0,0,0,0,0,0,0,0,0,0,0,0,0,0,0
2,2005,101,'611020029',205,NO,KG,191,25,1102,191,25,1102,0,0,0,0,0,0,0,0,0,0,0,0,0,0,0,0,0,0,0,0,0,0,0,0,0,0,0,0,0,0,0,0,0
2,2005,101,'611020029',210,NO,KG,1078,235,3869,0,0,0,0,0,0,644,165,2841,434,70,1028,0,0,0,0,0,0,0,0,0,0,0,0,0,0,0,0,0,0,0,0,0,0,0,0
2,2005,101,'611020029',217,NO,KG,74,8,263,0,0,0,0,0,0,74,8,263,0,0,0,0,0,0,0,0,0,0,0,0,0,0,0,0,0,0,0,0,0,0,0,0,0,0,0
2,2005,101,'611020029',220,NO,KG,2755,414,14789,1165,164,6523,270,48,1985,1211,181,5194,109,21,1087,0,0,0,0,0,0,0,0,0,0,0,0,0,0,0,0,0,0,0,0,0,0,0,0
2,2005,101,'611020029',304,NO,KG,407,100,443,407,100,443,0,0,0,0,0,0,0,0,0,0,0,0,0,0,0,0,0,0,0,0,0,0,0,0,0,0,0,0,0,0,0,0,0
2,2005,101,'611030011',105,NO,KG,800,144,640,0,0,0,0,0,0,0,0,0,0,0,0,0,0,0,0,0,0,0,0,0,0,0,0,800,144,640,0,0,0,0,0,0,0,0,0
2,2005,101,'611030012',103,NO,KG,2303,669,1939,0,0,0,0,0,0,897,269,720,402,141,322,0,0,0,0,0,0,0,0,0,808,202,677,196,57,220,0,0,0,0,0,0,0,0,0
2,2005,101,'611030012',105,NO,KG,63517,19953,30408,5451,1550,2620,2986,877,1394,1409,402,602,3168,855,1298,697,174,259,0,0,0,0,0,0,2007,602,896,5406,1680,2149,7825,2707,3815,7322,2030,3790,27246,9076,13585
2,2005,101,'611030012',210,NO,KG,606,168,2675,0,0,0,0,0,0,191,60,560,0,0,0,0,0,0,0,0,0,250,78,890,165,30,1225,0,0,0,0,0,0,0,0,0,0,0,0
2,2005,101,'611030012',220,NO,KG,150,45,374,0,0,0,0,0,0,0,0,0,0,0,0,0,0,0,0,0,0,0,0,0,0,0,0,150,45,374,0,0,0,0,0,0,0,0,0
2,2005,101,'611030012',304,NO,KG,211,75,404,0,0,0,0,0,0,0,0,0,0,0,0,0,0,0,0,0,0,0,0,0,211,75,404,0,0,0,0,0,0,0,0,0,0,0,0
2,2005,101,'611030014',103,NO,KG,6596,1765,4606,0,0,0,0,0,0,3783,1041,2846,1389,370,909,0,0,0,0,0,0,461,134,228,466,121,262,0,0,0,497,99,361,0,0,0,0,0,0
2,2005,101,'611030014',105,NO,KG,900,315,692,0,0,0,0,0,0,0,0,0,0,0,0,0,0,0,0,0,0,0,0,0,0,0,0,900,315,692,0,0,0,0,0,0,0,0,0
2,2005,101,'611030014',111,NO,KG,884,454,773,0,0,0,0,0,0,0,0,0,0,0,0,0,0,0,0,0,0,0,0,0,0,0,0,0,0,0,599,311,516,285,143,257,0,0,0
2,2005,101,'611030014',210,NO,KG,76,30,476,0,0,0,76,30,476,0,0,0,0,0,0,0,0,0,0,0,0,0,0,0,0,0,0,0,0,0,0,0,0,0,0,0,0,0,0
2,2005,101,'611030015',210,NO,KG,1222,330,3129,0,0,0,0,0,0,755,230,1410,247,50,516,0,0,0,0,0,0,100,20,356,120,30,847,0,0,0,0,0,0,0,0,0,0,0,0
2,2005,101,'611030015',220,NO,KG,145,25,606,0,0,0,0,0,0,145,25,606,0,0,0,0,0,0,0,0,0,0,0,0,0,0,0,0,0,0,0,0,0,0,0,0,0,0,0
2,2005,101,'611030016',105,NO,KG,1114,242,1451,974,200,1072,0,0,0,0,0,0,0,0,0,0,0,0,0,0,0,0,0,0,0,0,0,140,42,379,0,0,0,0,0,0,0,0,0
2,2005,101,'611030016',210,NO,KG,293,57,1963,98,10,963,45,15,252,90,12,430,60,20,318,0,0,0,0,0,0,0,0,0,0,0,0,0,0,0,0,0,0,0,0,0,0,0,0
2,2005,101,'611030016',220,NO,KG,105,18,422,0,0,0,0,0,0,105,18,422,0,0,0,0,0,0,0,0,0,0,0,0,0,0,0,0,0,0,0,0,0,0,0,0,0,0,0
2,2005,101,'611030029',106,NO,KG,490,100,1154,0,0,0,0,0,0,150,30,336,0,0,0,0,0,0,100,20,231,0,0,0,0,0,0,0,0,0,100,20,240,140,30,347,0,0,0
2,2005,101,'611030029',118,NO,KG,70,15,290,0,0,0,0,0,0,0,0,0,0,0,0,0,0,0,0,0,0,70,15,290,0,0,0,0,0,0,0,0,0,0,0,0,0,0,0
2,2005,101,'611030029',210,NO,KG,523,115,2601,110,20,902,75,30,679,173,20,482,0,0,0,0,0,0,0,0,0,0,0,0,0,0,0,165,45,538,0,0,0,0,0,0,0,0,0
2,2005,101,'611030029',220,NO,KG,445,65,3353,230,30,2394,0,0,0,215,35,959,0,0,0,0,0,0,0,0,0,0,0,0,0,0,0,0,0,0,0,0,0,0,0,0,0,0,0
2,2005,101,'611090010',105,NO,KG,132,20,562,0,0,0,0,0,0,132,20,562,0,0,0,0,0,0,0,0,0,0,0,0,0,0,0,0,0,0,0,0,0,0,0,0,0,0,0
2,2005,101,'611090020',206,NO,KG,50,12,549,50,12,549,0,0,0,0,0,0,0,0,0,0,0,0,0,0,0,0,0,0,0,0,0,0,0,0,0,0,0,0,0,0,0,0,0
2,2005,101,'611090020',210,NO,KG,38,10,346,0,0,0,0,0,0,38,10,346,0,0,0,0,0,0,0,0,0,0,0,0,0,0,0,0,0,0,0,0,0,0,0,0,0,0,0
2,2005,101,'611090020',304,NO,KG,2852,1021,3411,865,350,1003,0,0,0,0,0,0,0,0,0,0,0,0,0,0,0,0,0,0,0,0,0,1752,613,2089,0,0,0,235,58,319,0,0,0
2,2005,101,'611241010',105,NO,KG,432,35,624,0,0,0,0,0,0,0,0,0,432,35,624,0,0,0,0,0,0,0,0,0,0,0,0,0,0,0,0,0,0,0,0,0,0,0,0
2,2005,101,'611241010',210,NO,KG,192,38,226,0,0,0,0,0,0,192,38,226,0,0,0,0,0,0,0,0,0,0,0,0,0,0,0,0,0,0,0,0,0,0,0,0,0,0,0
2,2005,101,'611241010',304,NO,KG,1146,133,1979,416,46,489,0,0,0,423,63,1062,307,24,428,0,0,0,0,0,0,0,0,0,0,0,0,0,0,0,0,0,0,0,0,0,0,0,0
2,2005,101,'611241010',305,NO,KG,89,20,507,0,0,0,89,20,507,0,0,0,0,0,0,0,0,0,0,0,0,0,0,0,0,0,0,0,0,0,0,0,0,0,0,0,0,0,0
2,2005,101,'611420010',106,NO,KG,80,40,252,0,0,0,0,0,0,0,0,0,0,0,0,0,0,0,0,0,0,0,0,0,0,0,0,0,0,0,0,0,0,80,40,252,0,0,0
2,2005,101,'611420010',210,NO,KG,20,12,288,0,0,0,0,0,0,0,0,0,20,12,288,0,0,0,0,0,0,0,0,0,0,0,0,0,0,0,0,0,0,0,0,0,0,0,0
2,2005,101,'611420020',234,NO,KG,120,10,236,0,0,0,0,0,0,0,0,0,0,0,0,0,0,0,0,0,0,120,10,236,0,0,0,0,0,0,0,0,0,0,0,0,0,0,0
2,2005,101,'611430011',105,NO,KG,4600,939,2262,0,0,0,0,0,0,0,0,0,1070,153,490,621,497,487,551,44,210,2002,174,788,0,0,0,0,0,0,0,0,0,356,71,287,0,0,0
2,2005,101,'611430011',210,NO,KG,1418,145,4451,0,0,0,0,0,0,1161,100,3825,0,0,0,0,0,0,0,0,0,0,0,0,0,0,0,0,0,0,140,20,339,0,0,0,117,25,287
2,2005,101,'611430011',304,NO,KG,1878,300,6618,0,0,0,0,0,0,0,0,0,0,0,0,151,30,544,336,60,1194,495,80,1906,326,40,923,369,60,1339,0,0,0,201,30,712,0,0,0
2,2005,101,'611430021',210,NO,KG,386,60,1025,0,0,0,0,0,0,0,0,0,208,30,567,0,0,0,0,0,0,84,20,232,0,0,0,0,0,0,0,0,0,0,0,0,94,10,226
2,2005,101,'611430021',304,NO,KG,1106,220,1888,0,0,0,0,0,0,0,0,0,0,0,0,0,0,0,0,0,0,0,0,0,0,0,0,0,0,0,867,200,1488,239,20,400,0,0,0
2,2005,101,'611430021',410,NO,KG,911,100,828,641,60,580,0,0,0,0,0,0,0,0,0,0,0,0,0,0,0,270,40,248,0,0,0,0,0,0,0,0,0,0,0,0,0,0,0
2,2005,101,'611430029',220,NO,KG,30,3,235,30,3,235,0,0,0,0,0,0,0,0,0,0,0,0,0,0,0,0,0,0,0,0,0,0,0,0,0,0,0,0,0,0,0,0,0
2,2005,101,'611430029',304,NO,KG,285,100,423,0,0,0,0,0,0,285,100,423,0,0,0,0,0,0,0,0,0,0,0,0,0,0,0,0,0,0,0,0,0,0,0,0,0,0,0
2,2005,101,'611512000',220,NO,KG,1180,140,808,0,0,0,0,0,0,0,0,0,0,0,0,0,0,0,0,0,0,0,0,0,0,0,0,1180,140,808,0,0,0,0,0,0,0,0,0
2,2005,101,'611691095',220,PR,KG,30,6,533,0,0,0,0,0,0,0,0,0,0,0,0,0,0,0,0,0,0,0,0,0,30,6,533,0,0,0,0,0,0,0,0,0,0,0,0
2,2005,101,'611693015',105,PR,KG,200,20,201,0,0,0,0,0,0,0,0,0,0,0,0,0,0,0,0,0,0,0,0,0,200,20,201,0,0,0,0,0,0,0,0,0,0,0,0
2,2005,101,'611710012',210,NO,KG,24,10,208,0,0,0,0,0,0,0,0,0,0,0,0,0,0,0,0,0,0,24,10,208,0,0,0,0,0,0,0,0,0,0,0,0,0,0,0
2,2005,101,'611710012',218,NO,KG,123,50,1562,0,0,0,0,0,0,0,0,0,0,0,0,0,0,0,0,0,0,0,0,0,123,50,1562,0,0,0,0,0,0,0,0,0,0,0,0
2,2005,101,'611710012',220,NO,KG,18,18,205,0,0,0,0,0,0,0,0,0,0,0,0,0,0,0,0,0,0,0,0,0,0,0,0,18,18,205,0,0,0,0,0,0,0,0,0
2,2005,101,'611710013',103,NO,KG,424,85,205,0,0,0,0,0,0,0,0,0,0,0,0,0,0,0,0,0,0,0,0,0,0,0,0,0,0,0,0,0,0,424,85,205,0,0,0
2,2005,101,'611710013',105,NO,KG,1092,164,272,0,0,0,0,0,0,0,0,0,0,0,0,0,0,0,0,0,0,0,0,0,0,0,0,0,0,0,1092,164,272,0,0,0,0,0,0
2,2005,101,'611710013',210,NO,KG,84,15,471,0,0,0,0,0,0,0,0,0,0,0,0,0,0,0,0,0,0,24,10,224,60,5,247,0,0,0,0,0,0,0,0,0,0,0,0
2,2005,101,'611710092',218,NO,KG,56,22,711,0,0,0,0,0,0,0,0,0,0,0,0,0,0,0,0,0,0,0,0,0,56,22,711,0,0,0,0,0,0,0,0,0,0,0,0
2,2005,101,'611780029',103,NO,KG,110,33,209,0,0,0,0,0,0,0,0,0,0,0,0,0,0,0,0,0,0,0,0,0,0,0,0,110,33,209,0,0,0,0,0,0,0,0,0
2,2005,101,'611780029',106,NO,KG,1420,112,349,0,0,0,0,0,0,0,0,0,0,0,0,0,0,0,0,0,0,0,0,0,1420,112,349,0,0,0,0,0,0,0,0,0,0,0,0
